student_id,math_score,physics_score,chemistry_score,biology_score,english_score,history_score,geography_score,weekly_self_study_hours,absence_days,extracurricular_activities,part_time_job,career,career_category
S0001,79.1,79.8,73.0,85.2,63.3,49.5,54.7,17.6,3,0,0,DevOps,IT/Data
S0002,83.4,87.7,96.3,86.2,62.1,100.0,44.6,34.0,0,0,0,Chemist,Science
S0003,49.3,54.9,53.4,72.0,72.3,95.1,100.0,32.3,8,0,0,Musician,Arts
S0004,89.7,83.7,71.5,80.0,53.0,70.4,83.7,32.1,2,0,0,Laboratory Technician,Science
S0005,75.9,91.5,64.8,56.8,89.7,42.0,80.0,27.4,2,1,0,Data Scientist,IT/Data
S0006,67.0,87.3,69.6,59.0,73.4,20.2,61.0,27.9,3,0,0,IT Support,IT/Data
S0007,81.0,87.4,87.1,90.5,94.5,72.6,67.4,34.0,0,0,0,Nurse,Healthcare
S0008,6.9,61.9,50.1,59.8,89.5,80.0,81.2,0.0,8,1,1,Photographer,Arts
S0009,92.3,31.5,68.8,100.0,100.0,74.5,77.4,21.7,8,1,1,Attorney,Law
S0010,55.5,55.7,86.0,84.1,82.2,82.3,80.3,25.4,8,1,1,Trainer,Education
S0011,95.0,83.8,69.0,54.8,82.2,74.4,62.9,33.5,9,0,0,Mechanical Engineer,Engineering
S0012,83.0,50.8,56.5,58.0,94.2,97.7,87.1,29.3,4,1,0,Counselor,Education
S0013,35.1,43.1,89.3,86.1,89.8,94.0,100.0,19.7,4,1,1,Legal Advisor,Law
S0014,83.7,63.7,46.8,45.3,75.5,87.8,80.6,7.5,6,1,1,Marketing,Business
S0015,89.2,73.3,51.0,78.4,46.7,54.8,54.8,26.6,0,1,0,Software Engineer,Engineering
S0016,66.4,100.0,73.0,96.6,72.2,70.5,80.3,10.0,4,1,0,Physicist,Science
S0017,94.5,76.6,62.3,73.0,98.3,85.0,80.6,3.3,1,1,1,Legal Advisor,Law
S0018,73.0,78.0,70.9,58.2,96.5,73.1,45.3,32.3,5,0,1,Civil Engineer,Engineering
S0019,82.6,100.0,77.7,53.2,50.6,62.9,32.1,14.6,2,0,0,Chemical Engineer,Engineering
S0020,98.2,76.2,89.5,89.2,92.1,78.0,83.2,40.9,0,1,1,Doctor,Healthcare
S0021,70.0,76.2,44.6,49.4,79.5,66.8,79.7,12.8,7,1,1,Writer,Arts
S0022,86.5,87.4,62.8,98.1,98.1,98.4,65.8,28.1,4,1,1,Physicist,Science
S0023,81.5,27.4,25.8,73.9,83.3,82.0,77.1,29.8,5,1,1,Teacher,Education
S0024,99.8,72.3,63.6,69.2,77.4,92.8,71.9,6.4,7,1,1,Entrepreneur,Business
S0025,19.3,86.4,52.0,64.9,78.2,81.4,97.1,27.3,7,1,0,Musician,Arts
S0026,83.7,66.0,100.0,74.1,75.7,100.0,92.4,38.2,5,1,0,Marketing,Business
S0027,17.5,44.5,42.8,67.7,88.4,100.0,92.3,11.1,10,0,0,Musician,Arts
S0028,67.9,98.2,76.3,92.3,46.1,53.0,68.1,25.4,5,1,0,Mechanical Engineer,Engineering
S0029,89.1,90.8,45.4,59.5,93.5,100.0,86.1,35.5,6,1,1,Lawyer,Law
S0030,69.8,64.9,71.2,99.6,88.6,67.9,75.0,17.0,5,1,0,Pharmacist,Healthcare
S0031,67.7,54.3,16.7,63.4,72.0,90.0,83.5,6.7,6,0,0,Musician,Arts
S0032,57.9,34.3,46.9,43.4,100.0,82.4,67.5,20.6,6,1,0,Designer,Arts
S0033,73.5,91.9,56.9,67.3,97.2,93.8,81.4,29.0,3,1,1,Judge,Law
S0034,41.9,64.1,55.0,27.0,100.0,79.5,100.0,13.8,8,1,0,Judge,Law
S0035,82.9,54.7,90.0,72.6,96.9,63.5,78.2,31.7,3,1,1,Software Engineer,Engineering
S0036,64.3,89.2,77.7,78.8,85.1,71.5,75.0,23.7,7,1,0,Artist,Arts
S0037,100.0,74.7,74.8,72.9,76.8,77.9,80.3,23.8,5,1,1,Electrical Engineer,Engineering
S0038,74.2,59.3,71.8,83.5,57.9,80.4,74.8,29.5,7,1,0,Entrepreneur,Business
S0039,74.2,75.4,32.4,85.6,94.0,86.7,91.3,42.7,5,0,1,Attorney,Law
S0040,70.8,82.4,95.3,84.4,72.9,61.7,86.5,35.8,3,1,0,Therapist,Healthcare
S0041,77.2,100.0,83.4,88.4,99.4,78.9,75.3,32.7,1,1,0,Nurse,Healthcare
S0042,76.9,79.1,100.0,75.9,74.1,73.0,90.9,14.2,0,1,0,Manager,Business
S0043,82.7,89.5,97.1,55.3,47.5,59.8,47.7,23.8,2,1,0,Mechanical Engineer,Engineering
S0044,79.9,82.8,53.6,61.7,72.0,63.2,52.8,26.2,3,0,0,IT Support,IT/Data
S0045,95.0,6.8,20.4,42.7,84.9,91.6,87.9,17.5,5,0,1,Legal Advisor,Law
S0046,58.5,71.1,62.5,46.8,62.9,90.2,89.6,21.7,10,0,1,Manager,Business
S0047,68.3,100.0,59.4,55.3,89.7,29.9,81.6,13.7,3,1,1,Chemical Engineer,Engineering
S0048,81.6,96.8,86.1,88.2,64.5,67.0,79.6,11.3,2,1,1,Researcher,Science
S0049,68.5,58.3,86.6,80.2,82.9,44.5,87.4,32.8,1,0,1,Therapist,Healthcare
S0050,99.2,91.4,41.9,74.2,91.1,96.5,88.8,0.0,2,0,1,Legal Advisor,Law
S0051,56.7,58.0,95.7,80.9,84.9,43.7,100.0,28.2,3,0,0,Therapist,Healthcare
S0052,100.0,66.3,90.7,64.5,87.7,100.0,74.5,39.7,7,1,0,Teacher,Education
S0053,59.2,66.6,93.5,89.0,87.8,79.3,91.3,36.4,2,0,1,Doctor,Healthcare
S0054,87.8,67.4,70.0,64.8,91.3,73.8,72.4,28.9,3,0,0,Analyst,Business
S0055,93.1,48.9,58.6,61.4,94.5,77.9,90.4,5.1,3,1,0,Consultant,Business
S0056,93.7,75.7,90.0,51.3,64.4,10.3,81.6,27.5,5,0,0,Cybersecurity,IT/Data
S0057,51.9,44.6,61.3,69.2,100.0,82.0,94.8,17.9,7,1,1,Judge,Law
S0058,68.8,61.0,89.4,83.0,72.0,67.5,66.4,23.0,2,1,0,Pharmacist,Healthcare
S0059,100.0,95.5,76.6,88.3,64.6,78.5,83.2,33.7,1,1,0,Laboratory Technician,Science
S0060,81.7,100.0,79.8,88.8,69.8,89.4,100.0,20.8,4,1,1,Chemist,Science
S0061,90.2,92.1,95.7,96.4,90.7,79.7,72.5,26.2,2,1,1,Physicist,Science
S0062,80.3,65.8,37.5,79.2,86.5,100.0,74.3,22.2,8,0,0,Entrepreneur,Business
S0063,86.3,73.6,95.9,42.6,61.6,72.5,96.2,24.5,4,1,0,Civil Engineer,Engineering
S0064,79.8,85.6,72.4,53.7,52.8,77.4,76.7,24.2,3,1,0,Cybersecurity,IT/Data
S0065,35.0,83.9,56.4,85.1,88.4,87.5,86.5,23.4,3,1,1,Designer,Arts
S0066,44.3,72.1,32.3,70.7,94.7,82.0,93.9,2.8,7,1,1,Lawyer,Law
S0067,59.5,43.6,52.7,57.7,100.0,81.7,85.9,39.4,2,0,0,Artist,Arts
S0068,83.2,73.2,80.9,50.9,84.8,77.5,59.1,21.4,2,0,1,Chemical Engineer,Engineering
S0069,93.6,80.9,84.1,77.7,87.7,49.3,88.7,26.6,4,0,0,Data Scientist,IT/Data
S0070,74.2,72.6,71.4,59.4,79.8,100.0,98.7,24.4,6,0,0,Manager,Business
S0071,68.0,67.9,48.3,93.3,72.7,64.4,81.4,30.6,9,1,1,Artist,Arts
S0072,91.2,64.7,73.8,59.2,47.2,59.0,62.2,33.5,3,0,1,Data Scientist,IT/Data
S0073,59.5,87.4,81.3,90.8,77.4,77.2,73.2,22.3,2,0,0,Pharmacist,Healthcare
S0074,81.5,77.8,73.2,100.0,75.7,73.6,86.5,26.9,1,0,0,Software Engineer,Engineering
S0075,87.0,59.5,64.6,74.0,63.2,60.2,67.5,28.6,5,0,0,Cybersecurity,IT/Data
S0076,88.1,79.6,78.8,100.0,67.1,71.9,88.1,29.0,6,1,0,Biologist,Science
S0077,91.4,68.3,100.0,49.4,74.5,49.9,66.8,27.6,6,1,1,Software Engineer,Engineering
S0078,71.4,90.6,83.8,89.0,75.9,70.2,55.6,21.4,2,1,0,Therapist,Healthcare
S0079,100.0,94.1,67.7,100.0,84.7,58.5,23.0,43.3,0,0,0,Electrical Engineer,Engineering
S0080,73.2,45.5,93.2,70.5,88.3,84.7,91.8,30.5,2,1,0,Therapist,Healthcare
S0081,69.2,78.0,69.4,60.7,81.0,75.2,93.7,10.6,6,1,1,Trainer,Education
S0082,68.0,56.6,80.5,92.2,76.3,81.9,79.2,16.3,0,0,0,Therapist,Healthcare
S0083,69.6,53.1,36.8,94.2,67.6,64.6,69.4,28.9,5,1,0,Entrepreneur,Business
S0084,66.7,76.2,92.0,99.4,75.7,87.7,99.5,0.0,9,1,1,Trainer,Education
S0085,61.8,59.3,80.3,86.4,68.9,70.5,62.7,34.2,4,1,0,Therapist,Healthcare
S0086,93.6,100.0,63.3,99.5,73.4,46.4,47.2,30.0,2,1,0,DevOps,IT/Data
S0087,13.3,45.0,42.9,79.2,78.5,85.3,90.2,9.8,5,1,0,Musician,Arts
S0088,72.8,73.4,97.7,70.7,72.9,63.1,74.6,36.2,3,1,0,Chemical Engineer,Engineering
S0089,74.8,66.4,48.6,82.9,91.0,84.0,90.4,11.0,8,1,0,Judge,Law
S0090,56.0,62.5,59.0,72.2,88.5,90.3,81.2,23.8,5,1,1,Educator,Education
S0091,52.0,73.0,68.6,52.8,93.2,98.7,74.8,0.0,4,1,1,Educator,Education
S0092,45.3,41.0,67.8,46.5,89.7,90.8,71.5,33.9,7,1,0,Artist,Arts
S0093,60.2,67.8,32.4,68.3,91.9,94.6,86.2,10.3,4,1,1,Attorney,Law
S0094,68.3,75.1,99.7,85.3,60.0,86.7,65.9,39.6,2,1,0,Chemist,Science
S0095,57.8,29.1,76.6,71.1,96.1,83.7,74.7,17.1,4,0,1,Professor,Education
S0096,84.4,87.9,78.9,96.6,88.7,28.3,63.0,23.8,6,0,0,Biologist,Science
S0097,84.7,88.9,73.4,82.4,68.9,43.7,67.3,16.9,3,0,0,Software Engineer,Engineering
S0098,62.5,40.5,100.0,79.2,75.3,65.8,76.6,34.9,5,1,0,Doctor,Healthcare
S0099,80.5,85.1,76.7,94.3,95.9,73.4,79.8,19.5,2,0,0,Physicist,Science
S0100,84.5,77.0,44.8,69.4,98.0,91.6,73.1,17.7,8,1,1,Legal Advisor,Law
S0101,57.2,94.8,99.5,100.0,89.8,87.4,91.9,27.6,8,1,0,Educator,Education
S0102,62.5,36.4,81.6,60.4,100.0,90.6,82.8,16.8,4,0,0,Attorney,Law
S0103,86.6,68.2,80.5,84.1,73.3,89.6,44.4,23.5,2,0,0,IT Support,IT/Data
S0104,58.4,87.0,78.2,58.8,77.4,84.8,92.2,28.5,10,0,1,Educator,Education
S0105,66.7,36.6,63.3,81.6,79.9,75.0,64.7,30.9,3,0,0,Pharmacist,Healthcare
S0106,74.6,51.5,51.6,64.7,93.9,73.7,77.0,20.9,5,1,1,Musician,Arts
S0107,90.9,51.9,59.3,64.4,83.5,100.0,91.9,16.2,6,1,0,Entrepreneur,Business
S0108,68.3,59.3,54.3,59.9,86.3,68.3,90.2,46.6,3,1,1,Entrepreneur,Business
S0109,47.2,58.8,53.0,100.0,100.0,81.7,77.9,20.7,5,1,0,Judge,Law
S0110,89.0,99.4,73.8,60.0,67.6,28.7,80.9,24.4,2,1,1,DevOps,IT/Data
S0111,76.4,48.4,92.4,82.7,100.0,86.2,65.3,37.7,2,1,0,Pharmacist,Healthcare
S0112,94.3,70.9,68.5,39.3,65.6,61.8,89.4,18.6,5,1,0,IT Support,IT/Data
S0113,74.4,87.1,75.2,87.7,87.8,100.0,78.4,27.6,2,1,1,Chemical Engineer,Engineering
S0114,78.3,81.0,76.1,81.3,79.6,71.7,47.6,31.0,0,0,0,Pharmacist,Healthcare
S0115,75.7,75.6,78.1,56.8,100.0,68.8,91.5,25.4,4,1,0,Trainer,Education
S0116,94.9,69.3,57.3,40.8,93.9,49.7,61.4,27.4,1,1,0,Data Scientist,IT/Data
S0117,41.9,31.4,50.6,41.2,90.6,81.9,84.0,34.1,2,1,0,Legal Advisor,Law
S0118,93.4,87.9,78.6,72.8,100.0,83.8,100.0,29.3,2,0,0,Electrical Engineer,Engineering
S0119,66.1,78.4,53.9,84.0,85.8,47.7,75.7,32.2,3,0,1,Software Engineer,Engineering
S0120,71.3,83.2,43.5,69.3,97.9,94.0,86.9,30.0,7,1,1,Paralegal,Law
S0121,39.7,70.7,38.7,65.5,82.4,53.2,84.4,19.7,6,1,0,Artist,Arts
S0122,79.8,71.5,89.5,77.1,56.6,56.0,71.9,25.1,0,0,0,Chemist,Science
S0123,81.7,43.4,67.6,100.0,88.8,79.8,66.3,15.7,8,1,0,Artist,Arts
S0124,76.6,51.4,73.4,92.6,94.2,75.5,80.2,10.6,5,1,1,Writer,Arts
S0125,82.8,74.2,80.5,78.0,53.6,93.2,66.2,25.2,5,1,0,Civil Engineer,Engineering
S0126,81.7,86.3,83.7,71.9,61.8,69.7,77.4,16.8,5,1,0,Biologist,Science
S0127,61.1,73.4,45.3,35.7,95.0,81.9,77.1,16.5,4,1,1,Analyst,Business
S0128,36.8,74.0,77.9,94.9,97.8,86.1,100.0,42.4,5,1,0,Counselor,Education
S0129,50.2,52.8,25.9,58.6,91.4,91.8,87.4,29.0,7,0,1,Legal Advisor,Law
S0130,82.7,77.5,70.6,83.7,68.5,60.7,69.5,27.2,3,1,0,Therapist,Healthcare
S0131,68.9,100.0,75.3,88.5,100.0,96.3,76.6,2.7,3,1,1,Counselor,Education
S0132,63.8,67.1,75.9,99.4,89.3,81.1,75.7,17.6,7,1,1,Counselor,Education
S0133,70.9,100.0,87.0,69.5,71.2,65.7,74.4,30.2,3,1,0,IT Support,IT/Data
S0134,83.6,94.0,100.0,73.5,99.4,60.2,85.1,33.8,1,0,1,Software Engineer,Engineering
S0135,91.5,92.1,92.3,91.1,60.4,75.8,87.0,31.0,4,1,0,Chemist,Science
S0136,75.2,86.8,77.1,84.5,41.6,71.8,75.0,18.5,2,0,0,Physicist,Science
S0137,85.8,90.4,53.8,55.6,89.3,65.6,38.4,27.1,0,0,0,DevOps,IT/Data
S0138,91.8,86.9,97.5,66.6,100.0,81.4,22.6,39.4,2,1,0,Software Engineer,Engineering
S0139,55.2,62.2,52.6,89.0,81.0,82.9,88.7,10.6,9,1,1,Professor,Education
S0140,85.3,72.3,84.1,93.1,85.2,67.5,60.8,32.1,0,1,1,Dentist,Healthcare
S0141,80.9,74.7,75.5,73.6,60.1,57.1,75.2,26.3,4,1,0,Mechanical Engineer,Engineering
S0142,72.0,87.5,97.7,92.0,73.3,44.1,99.3,20.0,6,0,1,Researcher,Science
S0143,62.8,48.2,100.0,47.1,95.0,88.2,81.4,35.8,7,1,0,Designer,Arts
S0144,59.6,49.7,58.4,74.8,73.2,95.4,88.7,26.6,3,1,1,Musician,Arts
S0145,86.8,58.9,67.7,90.0,89.9,49.7,82.1,34.1,2,0,0,Therapist,Healthcare
S0146,95.1,68.4,79.4,87.7,84.4,70.8,68.9,26.1,1,0,0,Nurse,Healthcare
S0147,61.7,73.7,89.0,97.1,97.0,54.8,59.8,22.5,2,1,0,Pharmacist,Healthcare
S0148,65.0,100.0,72.1,89.5,100.0,70.1,69.1,27.9,3,0,0,Nurse,Healthcare
S0149,81.6,77.4,19.2,77.0,72.4,79.6,77.6,42.8,6,1,0,Entrepreneur,Business
S0150,79.6,75.2,89.2,47.1,95.2,89.0,84.1,24.0,9,1,1,Paralegal,Law
S0151,72.6,29.6,44.1,45.5,89.7,90.6,75.7,7.5,3,1,0,Musician,Arts
S0152,62.3,91.8,95.6,66.0,73.1,95.1,73.8,27.5,6,1,0,Professor,Education
S0153,80.9,90.2,79.6,80.5,99.6,33.7,97.1,25.8,5,1,0,Chemical Engineer,Engineering
S0154,91.3,55.1,58.1,44.5,66.5,68.9,65.2,30.7,5,1,0,Web Developer,IT/Data
S0155,67.2,85.8,70.4,68.5,75.2,55.3,55.8,25.3,3,0,0,Software Engineer,Engineering
S0156,97.7,87.3,63.5,87.7,56.1,36.0,80.5,29.6,3,1,1,DevOps,IT/Data
S0157,73.8,46.3,89.0,60.4,62.5,77.0,74.1,43.0,7,1,1,Marketing,Business
S0158,71.7,73.3,83.4,87.5,85.7,53.3,83.1,36.8,2,1,0,Pharmacist,Healthcare
S0159,79.1,87.4,69.8,84.1,83.4,78.4,82.5,25.4,1,1,1,Physicist,Science
S0160,80.2,69.1,81.0,90.4,89.7,66.6,68.6,20.0,6,0,0,Consultant,Business
S0161,73.6,42.0,60.0,78.5,82.6,89.2,69.3,7.2,3,1,0,Consultant,Business
S0162,92.0,92.3,82.0,63.5,77.1,91.7,67.5,22.9,4,0,0,Chemical Engineer,Engineering
S0163,77.0,82.4,83.9,100.0,81.1,92.3,100.0,28.9,2,1,0,Electrical Engineer,Engineering
S0164,100.0,98.1,58.5,84.9,82.2,42.0,82.7,37.3,3,1,0,Civil Engineer,Engineering
S0165,72.4,74.2,98.3,93.8,67.6,95.4,72.7,28.5,1,1,0,Therapist,Healthcare
S0166,68.0,77.6,61.5,99.6,71.7,92.6,82.2,23.0,8,1,1,Analyst,Business
S0167,82.4,61.9,98.7,59.0,96.2,79.9,72.3,28.6,5,1,0,DevOps,IT/Data
S0168,51.4,61.9,59.3,91.1,84.6,98.6,86.0,28.7,9,1,0,Professor,Education
S0169,61.8,51.8,83.3,72.6,88.3,75.0,92.3,29.5,3,1,0,Trainer,Education
S0170,58.8,50.2,88.9,92.4,84.6,66.2,70.1,32.0,4,1,0,Doctor,Healthcare
S0171,78.3,83.2,73.1,77.5,84.9,100.0,68.8,22.3,4,1,0,Teacher,Education
S0172,76.3,96.2,82.8,91.4,68.6,65.7,73.6,20.8,2,1,0,Therapist,Healthcare
S0173,90.1,75.6,95.0,54.9,77.7,75.8,91.8,20.9,2,1,0,DevOps,IT/Data
S0174,87.7,100.0,66.2,79.5,72.2,68.0,70.3,21.6,8,0,1,Cybersecurity,IT/Data
S0175,91.2,96.6,82.8,100.0,66.0,74.1,69.2,19.6,4,0,0,Researcher,Science
S0176,84.6,82.7,90.7,29.6,60.9,69.2,89.6,21.1,4,0,0,Mechanical Engineer,Engineering
S0177,98.4,62.9,93.2,89.5,86.3,100.0,85.2,36.2,7,1,1,Trainer,Education
S0178,72.7,56.4,67.3,74.9,82.0,79.7,98.4,30.7,6,1,0,Consultant,Business
S0179,78.3,76.8,85.2,94.2,56.4,95.3,82.7,33.2,3,1,0,Laboratory Technician,Science
S0180,83.5,97.5,91.5,46.8,79.2,75.6,74.3,24.8,4,1,0,Chemical Engineer,Engineering
S0181,89.8,71.4,55.6,89.3,80.7,53.5,72.7,36.3,11,1,1,Marketing,Business
S0182,83.7,87.5,83.1,86.7,66.5,58.5,78.6,28.9,1,1,0,Laboratory Technician,Science
S0183,75.7,86.8,72.6,75.4,85.2,100.0,72.2,36.4,10,1,1,Counselor,Education
S0184,65.4,87.1,73.6,84.8,89.3,80.1,100.0,22.3,4,1,1,Educator,Education
S0185,72.9,51.0,100.0,84.3,80.9,80.8,89.8,31.8,1,1,0,Dentist,Healthcare
S0186,70.9,59.9,73.5,63.6,79.0,91.2,89.6,8.3,7,1,0,Trainer,Education
S0187,66.9,61.2,44.7,61.8,78.4,73.5,52.1,15.2,3,1,1,Musician,Arts
S0188,90.7,82.8,73.0,78.7,62.7,61.7,63.5,14.6,1,0,1,Physicist,Science
S0189,95.0,69.3,33.5,62.0,92.3,65.6,69.3,16.5,2,0,0,Web Developer,IT/Data
S0190,66.1,77.3,60.2,28.2,78.1,97.8,88.3,30.5,6,0,0,Software Engineer,Engineering
S0191,48.8,76.2,80.8,95.3,65.9,87.0,67.1,9.3,2,1,0,Researcher,Science
S0192,66.7,100.0,47.8,84.9,71.2,93.6,71.3,22.8,4,1,0,Counselor,Education
S0193,69.7,79.4,84.3,54.8,61.5,87.5,79.6,3.3,5,1,0,Manager,Business
S0194,32.4,60.0,38.0,50.9,92.0,84.2,84.4,34.4,3,1,1,Artist,Arts
S0195,60.5,87.8,54.3,71.9,92.8,73.0,92.7,22.2,3,1,1,Attorney,Law
S0196,81.7,75.1,49.0,44.8,100.0,88.5,87.2,24.9,3,1,0,Lawyer,Law
S0197,77.4,73.2,83.4,93.1,91.5,57.7,59.5,29.2,1,0,0,Therapist,Healthcare
S0198,89.5,95.5,76.2,92.4,88.5,47.6,74.4,45.2,2,1,0,Pharmacist,Healthcare
S0199,76.9,58.8,68.0,85.9,63.6,48.6,68.3,26.8,4,0,1,Software Engineer,Engineering
S0200,88.7,30.1,64.6,32.4,90.1,75.5,73.4,37.2,3,0,0,Cybersecurity,IT/Data
S0201,57.5,37.0,57.1,76.9,69.0,88.9,72.0,15.1,5,1,1,Entrepreneur,Business
S0202,84.3,90.6,70.6,99.0,73.1,68.0,58.3,31.1,3,1,1,Dentist,Healthcare
S0203,80.8,88.7,73.7,100.0,92.7,78.8,76.1,23.3,2,1,0,Chemist,Science
S0204,55.1,49.5,54.6,96.3,85.6,55.0,83.8,4.5,7,1,0,Marketing,Business
S0205,80.5,88.6,96.0,61.7,63.8,88.1,34.3,21.9,4,0,0,Chemical Engineer,Engineering
S0206,63.2,56.1,92.5,74.0,83.7,73.5,82.0,7.1,8,1,0,Writer,Arts
S0207,74.3,60.6,95.4,93.2,67.5,51.4,61.2,22.2,1,1,0,Electrical Engineer,Engineering
S0208,59.8,70.8,93.6,68.3,82.3,85.4,62.8,37.0,8,1,1,Analyst,Business
S0209,56.3,61.2,56.9,86.9,65.5,83.7,50.7,27.1,2,1,1,Photographer,Arts
S0210,42.7,80.6,78.8,75.5,83.7,89.0,67.4,28.3,5,1,0,Artist,Arts
S0211,61.3,49.5,29.5,93.9,85.4,81.6,100.0,12.3,4,1,1,Counselor,Education
S0212,70.5,62.4,80.2,87.2,79.0,62.2,66.6,29.5,1,1,0,Nurse,Healthcare
S0213,64.7,100.0,85.4,90.5,84.3,49.6,82.1,22.9,2,1,1,Biologist,Science
S0214,73.7,71.7,56.4,85.4,56.0,40.6,83.1,28.0,5,0,0,Chemical Engineer,Engineering
S0215,100.0,80.1,49.2,30.3,70.8,58.2,70.6,34.7,4,0,0,DevOps,IT/Data
S0216,70.3,76.0,92.6,79.3,84.7,75.4,48.1,22.4,3,0,1,Electrical Engineer,Engineering
S0217,85.7,97.4,81.7,93.7,100.0,60.7,49.0,18.7,3,1,0,Dentist,Healthcare
S0218,99.7,85.5,88.0,57.0,78.8,57.1,59.8,32.2,5,0,1,Electrical Engineer,Engineering
S0219,65.4,78.6,86.7,78.4,82.8,60.2,67.8,32.5,4,0,0,Analyst,Business
S0220,73.8,77.1,56.8,97.2,96.7,88.1,96.8,13.0,2,1,1,Musician,Arts
S0221,81.2,59.1,77.9,78.5,88.7,67.5,93.6,38.4,4,0,1,Analyst,Business
S0222,91.0,35.1,22.6,77.8,87.4,92.3,100.0,13.4,2,1,0,Paralegal,Law
S0223,73.2,78.0,54.5,75.5,70.8,93.8,63.3,36.0,3,1,1,Counselor,Education
S0224,92.7,88.7,79.4,95.1,57.7,38.6,93.1,34.1,1,1,0,Chemist,Science
S0225,88.5,87.1,79.6,80.4,100.0,85.0,67.8,23.4,3,1,0,Trainer,Education
S0226,23.9,58.9,36.9,47.7,91.7,96.4,66.7,17.5,4,1,1,Designer,Arts
S0227,74.0,83.6,93.2,83.5,76.9,61.6,99.1,26.8,8,0,0,Mechanical Engineer,Engineering
S0228,83.1,66.4,51.3,65.5,80.8,43.1,83.5,10.2,5,1,0,Analyst,Business
S0229,100.0,63.3,71.1,75.2,100.0,49.2,32.7,36.9,1,0,0,Cybersecurity,IT/Data
S0230,100.0,96.3,81.2,88.5,86.6,53.7,53.3,25.6,4,0,0,Civil Engineer,Engineering
S0231,70.1,84.8,100.0,57.7,89.9,88.8,80.9,16.8,5,1,1,Photographer,Arts
S0232,91.2,67.7,40.2,88.1,77.4,30.5,86.4,12.2,0,0,0,Cybersecurity,IT/Data
S0233,100.0,71.1,63.2,37.7,62.4,43.7,51.2,25.1,3,0,0,IT Support,IT/Data
S0234,86.1,74.4,60.6,64.6,78.5,68.5,52.6,32.3,4,0,1,DevOps,IT/Data
S0235,76.5,54.9,9.3,98.8,90.9,69.4,78.2,8.3,1,1,1,Consultant,Business
S0236,87.5,88.6,100.0,91.8,62.7,82.8,50.4,26.0,4,0,0,Researcher,Science
S0237,61.6,96.6,63.9,85.4,79.3,77.6,58.3,36.8,1,0,0,Pharmacist,Healthcare
S0238,92.1,100.0,82.7,64.0,69.3,52.9,86.3,20.0,4,0,0,Web Developer,IT/Data
S0239,97.8,61.8,98.8,30.0,78.5,69.5,50.7,28.4,3,1,0,IT Support,IT/Data
S0240,72.0,85.7,98.7,77.7,30.6,58.6,92.1,11.1,2,1,0,Chemist,Science
S0241,68.6,80.7,80.2,87.7,65.5,88.4,63.8,39.1,1,0,0,Pharmacist,Healthcare
S0242,41.4,66.4,41.8,33.8,83.0,85.8,73.9,10.7,3,0,1,Photographer,Arts
S0243,52.7,44.0,31.1,80.3,74.4,81.8,52.4,27.8,6,1,1,Photographer,Arts
S0244,99.1,49.5,79.5,89.1,73.3,76.0,85.7,34.5,2,1,0,Nurse,Healthcare
S0245,37.7,34.4,40.7,43.2,100.0,87.9,94.0,24.7,4,1,1,Artist,Arts
S0246,84.9,54.6,80.6,60.1,72.2,48.4,73.6,26.6,2,0,0,Data Scientist,IT/Data
S0247,72.7,48.7,60.7,75.3,93.9,87.2,66.1,16.3,4,1,1,Manager,Business
S0248,95.4,82.5,69.9,77.7,69.7,54.9,70.6,21.4,6,0,0,Researcher,Science
S0249,84.8,72.7,47.5,79.4,60.0,38.8,64.7,24.0,2,1,1,Cybersecurity,IT/Data
S0250,74.4,89.4,97.7,98.9,49.0,86.1,74.1,24.7,4,1,0,Chemist,Science
S0251,77.3,53.2,84.8,73.9,63.5,49.2,73.7,16.9,2,0,1,Electrical Engineer,Engineering
S0252,95.7,80.1,66.4,67.6,52.7,62.2,62.4,14.9,0,0,0,IT Support,IT/Data
S0253,66.7,57.9,81.9,95.7,82.2,75.7,78.8,25.8,7,1,1,Legal Advisor,Law
S0254,75.3,76.2,36.6,61.9,84.8,85.2,79.8,17.1,5,1,1,Marketing,Business
S0255,92.6,72.2,89.8,44.3,68.6,48.6,83.7,33.9,4,1,0,Civil Engineer,Engineering
S0256,90.0,50.6,73.2,53.7,50.7,49.7,55.5,33.2,1,0,0,Web Developer,IT/Data
S0257,75.2,87.1,78.8,77.0,75.8,67.1,84.2,31.4,5,1,1,Chemist,Science
S0258,73.1,90.6,89.9,83.3,57.9,69.5,72.0,26.8,1,1,1,Chemist,Science
S0259,75.6,73.6,93.4,88.1,100.0,51.0,58.0,33.7,3,1,0,Pharmacist,Healthcare
S0260,59.8,43.1,81.9,87.0,73.2,52.2,66.0,31.6,3,1,0,Pharmacist,Healthcare
S0261,78.3,82.9,75.0,79.1,61.2,89.8,76.5,23.5,2,0,0,Doctor,Healthcare
S0262,89.2,95.1,77.1,99.2,72.2,78.0,93.2,29.1,1,1,0,Pharmacist,Healthcare
S0263,85.1,72.7,42.9,76.8,61.1,56.1,56.9,18.7,2,1,0,DevOps,IT/Data
S0264,88.2,100.0,80.1,87.9,49.1,68.2,48.2,13.2,6,0,0,Civil Engineer,Engineering
S0265,77.7,49.3,42.3,81.2,91.1,81.3,56.3,24.8,9,0,1,Consultant,Business
S0266,98.4,60.3,100.0,57.8,100.0,59.9,61.9,23.0,2,0,0,Software Engineer,Engineering
S0267,91.9,25.6,45.7,81.9,85.4,88.6,100.0,30.0,4,1,0,Photographer,Arts
S0268,91.5,87.2,77.8,83.0,81.8,73.9,37.0,19.1,3,0,1,Civil Engineer,Engineering
S0269,59.3,12.2,53.8,81.4,95.2,93.4,82.2,7.2,5,0,0,Attorney,Law
S0270,61.0,100.0,70.9,86.5,83.1,88.6,85.7,0.0,10,1,1,Professor,Education
S0271,100.0,58.1,72.4,23.4,80.3,49.0,99.6,18.8,3,1,1,DevOps,IT/Data
S0272,97.5,62.1,67.5,54.1,81.0,55.4,65.5,22.8,2,1,0,Data Scientist,IT/Data
S0273,76.8,36.3,48.3,66.1,72.8,65.9,96.9,20.3,2,0,0,Manager,Business
S0274,76.8,95.0,57.5,49.8,98.0,92.6,97.9,7.1,8,1,1,Attorney,Law
S0275,61.3,85.1,79.8,81.4,66.6,67.0,74.7,22.4,1,1,0,Pharmacist,Healthcare
S0276,84.6,84.7,87.4,90.2,87.0,69.9,91.0,22.4,1,1,1,Chemist,Science
S0277,77.0,77.5,50.4,83.7,85.1,50.7,100.0,22.7,3,0,0,Cybersecurity,IT/Data
S0278,27.6,48.5,81.4,61.5,89.0,87.2,55.3,7.2,5,1,0,Designer,Arts
S0279,98.9,74.2,65.1,47.1,53.3,71.3,77.1,26.6,1,0,0,Web Developer,IT/Data
S0280,69.1,53.4,59.6,62.4,65.6,67.1,95.4,33.3,7,1,0,Consultant,Business
S0281,74.4,80.2,99.6,77.7,73.3,87.0,91.6,20.2,1,1,0,Physicist,Science
S0282,96.6,82.6,45.4,60.8,96.8,70.9,80.5,24.3,6,0,0,Electrical Engineer,Engineering
S0283,70.5,45.5,45.0,66.5,85.1,87.8,74.0,0.0,4,1,0,Musician,Arts
S0284,84.1,60.5,64.8,74.8,71.9,66.1,97.6,22.3,1,0,1,Data Scientist,IT/Data
S0285,87.1,76.1,61.7,39.5,70.9,74.5,74.3,11.0,2,1,1,Cybersecurity,IT/Data
S0286,77.9,55.4,56.7,91.9,94.7,83.4,75.0,0.0,10,0,0,Designer,Arts
S0287,96.9,66.4,73.3,82.8,91.7,61.1,80.8,31.0,5,1,0,Therapist,Healthcare
S0288,78.3,62.1,68.6,72.8,85.5,79.0,85.2,10.2,3,1,0,Teacher,Education
S0289,99.5,81.1,50.4,86.1,61.2,79.0,68.5,12.7,1,1,0,Civil Engineer,Engineering
S0290,86.7,89.6,82.1,92.2,87.3,68.6,55.4,39.6,0,0,0,Pharmacist,Healthcare
S0291,92.6,78.5,77.1,78.9,74.4,25.1,47.8,32.4,1,0,0,Electrical Engineer,Engineering
S0292,85.9,100.0,79.8,97.3,88.0,76.8,61.6,33.3,1,1,1,Software Engineer,Engineering
S0293,69.9,89.7,62.0,69.9,83.5,73.8,91.8,44.2,3,1,1,Professor,Education
S0294,52.4,39.2,58.7,86.0,86.4,80.4,82.5,0.0,7,0,0,Counselor,Education
S0295,80.9,70.2,76.7,54.4,80.3,60.5,92.0,31.2,8,1,0,Musician,Arts
S0296,100.0,86.5,58.2,75.4,87.6,69.2,70.7,11.3,5,1,1,Counselor,Education
S0297,75.8,82.3,60.4,73.9,100.0,85.0,91.7,10.6,5,1,0,Professor,Education
S0298,54.4,51.0,50.9,100.0,100.0,85.6,84.3,15.2,6,1,1,Designer,Arts
S0299,74.2,78.5,79.3,87.3,90.6,79.7,92.1,1.7,5,1,1,Counselor,Education
S0300,94.0,88.8,68.3,54.9,74.6,73.9,91.0,15.4,4,1,1,Analyst,Business
S0301,45.1,55.9,56.6,69.1,63.1,78.0,94.9,33.2,5,1,1,Musician,Arts
S0302,73.8,41.5,72.1,53.8,63.7,73.9,86.1,22.8,3,0,1,Cybersecurity,IT/Data
S0303,86.3,92.7,78.7,24.5,75.0,53.6,42.1,27.7,1,0,0,Cybersecurity,IT/Data
S0304,94.7,90.3,73.4,76.3,46.7,79.9,92.8,39.8,3,0,0,Laboratory Technician,Science
S0305,73.5,87.6,100.0,92.4,80.6,84.6,79.5,28.6,4,1,0,Software Engineer,Engineering
S0306,79.9,34.3,61.5,53.6,96.0,83.9,89.5,17.2,7,1,1,Legal Advisor,Law
S0307,55.0,65.6,83.3,90.2,62.1,78.2,100.0,32.8,1,1,0,Pharmacist,Healthcare
S0308,94.5,52.9,39.1,74.7,100.0,79.9,100.0,24.2,3,1,1,Paralegal,Law
S0309,92.0,61.8,81.4,52.2,75.3,53.9,61.1,31.1,3,1,1,IT Support,IT/Data
S0310,76.6,68.3,77.9,94.8,76.5,66.4,75.5,34.3,2,0,0,Pharmacist,Healthcare
S0311,78.3,65.4,90.6,78.3,97.5,45.9,68.3,32.6,3,1,1,Nurse,Healthcare
S0312,85.5,88.2,63.3,65.9,65.2,76.7,70.2,26.2,3,1,1,Entrepreneur,Business
S0313,98.1,88.2,55.7,80.3,69.5,21.3,67.9,20.0,4,1,0,DevOps,IT/Data
S0314,86.5,74.5,49.6,50.9,80.2,93.4,78.4,19.0,8,1,1,Professor,Education
S0315,54.4,100.0,65.7,75.1,100.0,79.1,100.0,13.1,7,1,1,Educator,Education
S0316,78.2,47.0,85.8,48.0,39.7,8.4,82.7,26.0,5,1,0,Electrical Engineer,Engineering
S0317,100.0,71.1,40.5,67.2,87.2,88.0,75.9,41.1,6,1,0,Judge,Law
S0318,69.7,95.7,75.8,88.6,51.1,81.2,89.0,30.9,3,0,0,Chemist,Science
S0319,83.5,88.1,89.5,90.1,63.9,70.2,63.0,22.8,4,1,1,Chemist,Science
S0320,84.5,73.9,77.3,90.6,78.8,52.9,90.1,36.6,1,1,0,Doctor,Healthcare
S0321,71.5,59.2,100.0,86.3,96.3,90.9,95.1,25.2,2,1,0,Attorney,Law
S0322,94.1,70.3,75.5,87.6,65.4,77.1,76.4,35.7,2,0,0,Doctor,Healthcare
S0323,84.2,73.9,62.0,74.2,96.0,70.7,79.7,9.1,5,0,0,Manager,Business
S0324,91.1,65.1,72.5,48.8,89.8,48.2,76.9,14.9,3,1,0,DevOps,IT/Data
S0325,69.9,38.2,49.9,69.8,98.6,82.3,78.3,26.9,10,1,1,Writer,Arts
S0326,81.5,100.0,76.9,75.7,85.3,87.3,75.0,24.0,5,1,1,Educator,Education
S0327,59.5,57.5,37.7,74.7,85.3,86.8,67.9,26.8,9,1,0,Trainer,Education
S0328,69.6,64.7,54.8,74.8,87.5,87.4,83.0,27.6,6,1,0,Counselor,Education
S0329,92.7,84.3,33.6,66.9,65.0,44.8,89.3,19.8,1,0,0,IT Support,IT/Data
S0330,18.9,100.0,64.4,56.4,90.2,70.3,86.2,8.5,8,1,1,Designer,Arts
S0331,66.2,27.4,31.3,83.2,67.4,78.2,62.3,13.2,4,1,1,Artist,Arts
S0332,68.1,83.2,82.8,84.0,70.8,85.5,88.0,18.8,6,0,1,Physicist,Science
S0333,86.5,61.1,73.6,70.7,60.9,89.6,90.8,21.9,1,0,1,Software Engineer,Engineering
S0334,75.6,36.6,83.6,88.0,49.0,70.4,56.8,19.0,2,0,0,Nurse,Healthcare
S0335,73.6,86.4,87.8,85.9,68.9,47.8,59.0,16.9,0,1,0,Electrical Engineer,Engineering
S0336,95.8,82.1,61.4,59.5,69.2,63.8,72.0,25.0,1,1,0,DevOps,IT/Data
S0337,97.4,79.9,99.0,98.7,72.1,88.5,68.7,36.3,1,1,0,Mechanical Engineer,Engineering
S0338,82.5,75.7,61.8,88.6,88.2,85.6,66.5,24.8,1,1,0,Software Engineer,Engineering
S0339,67.3,77.0,98.8,87.9,75.8,28.0,57.0,32.1,5,1,0,Laboratory Technician,Science
S0340,78.3,79.3,64.8,26.7,74.7,100.0,38.6,25.4,2,1,0,Civil Engineer,Engineering
S0341,95.4,98.3,81.9,96.8,67.4,62.1,75.9,27.3,1,1,0,Chemist,Science
S0342,72.5,45.6,49.7,51.8,100.0,74.0,79.2,19.9,2,1,0,Web Developer,IT/Data
S0343,100.0,78.2,78.9,67.2,80.0,41.7,79.3,27.4,5,1,1,IT Support,IT/Data
S0344,64.3,81.7,94.8,66.6,80.9,72.0,74.1,22.8,2,0,0,Software Engineer,Engineering
S0345,83.6,76.9,73.4,88.8,65.0,38.2,81.4,23.4,4,0,0,Civil Engineer,Engineering
S0346,81.0,28.9,66.0,66.8,92.2,98.3,88.3,34.8,3,1,0,Attorney,Law
S0347,73.3,60.4,78.9,75.6,82.1,84.7,96.5,20.2,7,1,0,Trainer,Education
S0348,59.6,68.2,73.8,73.2,71.9,72.5,74.0,0.3,12,1,0,Artist,Arts
S0349,67.9,65.5,52.0,86.8,79.5,64.0,79.5,29.0,6,1,0,Teacher,Education
S0350,42.1,28.9,85.0,77.8,86.9,64.6,89.2,34.6,9,1,0,Artist,Arts
S0351,84.6,52.3,84.2,95.9,63.3,76.3,71.4,19.5,0,1,0,Doctor,Healthcare
S0352,51.8,59.9,100.0,93.2,67.4,91.1,57.1,26.7,1,1,0,Nurse,Healthcare
S0353,92.7,50.8,26.9,98.5,84.4,59.0,76.1,14.2,9,1,0,Marketing,Business
S0354,88.5,53.3,45.1,81.7,90.0,85.9,86.5,27.7,5,0,1,Legal Advisor,Law
S0355,89.6,84.8,77.3,93.5,57.3,79.6,75.5,6.4,2,1,0,Physicist,Science
S0356,52.7,51.3,83.1,50.7,97.9,79.0,89.3,19.0,5,1,0,Musician,Arts
S0357,71.9,51.9,86.2,60.8,77.2,81.9,57.6,1.4,4,1,1,Educator,Education
S0358,77.6,97.8,78.6,94.9,89.4,59.6,88.2,14.4,1,1,0,Researcher,Science
S0359,85.6,75.1,100.0,90.0,77.7,61.2,91.7,16.3,0,0,0,Laboratory Technician,Science
S0360,82.2,48.6,75.0,95.4,94.6,97.2,95.5,11.7,9,1,0,Educator,Education
S0361,87.8,85.1,65.7,66.9,47.5,58.1,85.5,19.0,2,1,0,Mechanical Engineer,Engineering
S0362,90.3,63.1,58.7,64.8,91.8,88.6,89.5,10.6,5,1,1,Attorney,Law
S0363,92.4,80.1,96.4,56.6,72.7,39.7,43.2,27.6,2,1,0,Cybersecurity,IT/Data
S0364,97.4,93.1,100.0,92.6,100.0,81.5,67.2,10.0,5,0,0,Manager,Business
S0365,72.4,53.8,100.0,97.2,69.8,47.0,74.9,36.6,2,0,0,Nurse,Healthcare
S0366,85.0,70.1,71.1,47.4,50.3,87.4,91.3,26.4,5,0,0,Data Scientist,IT/Data
S0367,75.2,88.1,92.3,87.5,88.8,75.1,86.3,31.6,1,1,0,Researcher,Science
S0368,92.6,76.6,54.4,52.0,67.3,76.6,52.4,23.1,4,1,0,Chemical Engineer,Engineering
S0369,61.1,77.6,11.2,68.5,90.7,98.9,100.0,10.7,6,1,1,Legal Advisor,Law
S0370,82.4,65.6,50.3,87.8,59.5,50.7,56.1,12.2,3,1,0,Web Developer,IT/Data
S0371,85.8,44.6,49.3,46.2,96.1,89.6,75.2,16.0,8,1,1,Judge,Law
S0372,77.5,86.9,75.5,72.2,32.9,49.5,52.4,17.4,3,1,1,Cybersecurity,IT/Data
S0373,85.2,76.7,80.6,87.9,95.6,48.1,89.6,36.2,1,1,0,Chemist,Science
S0374,42.3,63.2,69.8,98.8,95.7,79.2,86.7,27.9,4,1,0,Teacher,Education
S0375,43.6,50.6,90.0,71.0,92.2,85.5,72.6,33.6,3,0,1,Doctor,Healthcare
S0376,81.2,100.0,84.5,47.0,68.1,52.0,28.5,37.8,3,0,0,Chemical Engineer,Engineering
S0377,85.0,90.3,78.7,72.9,51.7,66.1,63.2,18.7,2,1,1,Researcher,Science
S0378,90.0,89.5,59.4,42.9,58.8,51.8,81.6,20.1,2,1,0,Software Engineer,Engineering
S0379,85.8,40.0,84.3,68.8,83.4,100.0,62.2,13.8,8,1,1,Writer,Arts
S0380,75.3,86.9,75.4,81.5,69.0,36.0,69.4,33.4,3,1,0,Electrical Engineer,Engineering
S0381,100.0,84.8,71.3,76.1,63.6,66.9,46.1,24.9,2,1,0,Mechanical Engineer,Engineering
S0382,78.6,50.9,91.7,100.0,67.9,88.3,66.3,39.0,2,1,0,Therapist,Healthcare
S0383,89.8,82.5,61.9,47.3,89.4,66.4,39.0,30.5,1,0,1,Web Developer,IT/Data
S0384,91.4,78.3,45.1,57.4,85.5,60.8,76.9,39.1,4,1,0,DevOps,IT/Data
S0385,88.9,80.2,73.2,38.0,55.9,74.5,98.9,24.2,3,1,0,Software Engineer,Engineering
S0386,83.3,84.2,93.4,89.2,57.7,68.2,90.7,14.6,3,1,0,Physicist,Science
S0387,88.0,42.1,4.1,64.6,100.0,100.0,88.8,14.6,6,1,1,Paralegal,Law
S0388,55.3,55.6,83.8,72.1,47.1,40.4,67.6,28.4,2,1,0,Dentist,Healthcare
S0389,71.2,89.0,83.5,91.1,70.8,47.8,66.4,19.1,4,0,0,Chemist,Science
S0390,91.2,100.0,67.7,67.5,88.7,87.0,91.3,16.9,5,1,0,Lawyer,Law
S0391,81.6,57.0,92.6,75.4,58.4,100.0,69.6,16.7,1,1,1,Electrical Engineer,Engineering
S0392,79.3,74.8,83.3,91.1,74.6,79.6,62.6,30.4,0,1,0,Doctor,Healthcare
S0393,80.5,49.4,64.2,38.9,77.1,73.9,83.2,22.0,4,1,1,Educator,Education
S0394,47.6,70.5,100.0,70.0,92.7,89.6,89.9,27.5,2,0,1,Lawyer,Law
S0395,62.3,79.5,64.5,76.1,45.2,54.8,85.4,19.6,0,1,0,Electrical Engineer,Engineering
S0396,76.1,86.5,77.7,100.0,46.6,100.0,69.1,26.5,1,1,0,Chemist,Science
S0397,70.5,36.8,52.6,83.6,85.8,88.3,87.9,10.8,4,0,1,Lawyer,Law
S0398,75.4,88.4,92.8,88.7,58.3,47.1,47.5,37.8,2,1,0,Civil Engineer,Engineering
S0399,93.0,99.5,87.2,80.3,33.5,80.3,62.8,26.4,3,1,0,Chemist,Science
S0400,79.0,61.9,76.4,70.6,72.4,92.2,63.7,24.0,3,0,0,Electrical Engineer,Engineering
S0401,91.2,100.0,30.3,63.9,42.8,42.1,30.3,26.3,3,0,0,Cybersecurity,IT/Data
S0402,92.3,58.8,71.2,41.9,97.8,64.0,47.4,30.6,4,1,0,Cybersecurity,IT/Data
S0403,62.1,58.2,89.9,59.4,89.7,89.4,83.2,13.8,6,1,1,Photographer,Arts
S0404,61.8,62.2,64.6,81.3,92.6,90.8,90.2,28.7,3,1,1,Legal Advisor,Law
S0405,62.8,32.5,58.5,64.1,87.2,76.8,85.8,13.8,9,1,1,Designer,Arts
S0406,83.8,65.1,77.8,57.9,87.1,58.8,84.1,16.7,6,1,1,Entrepreneur,Business
S0407,78.3,95.0,91.6,92.9,80.3,82.7,81.2,21.2,2,1,0,Mechanical Engineer,Engineering
S0408,79.0,96.0,53.0,43.1,72.0,65.5,55.1,31.5,6,1,0,Chemical Engineer,Engineering
S0409,94.4,67.3,77.3,86.4,83.4,66.1,89.7,20.0,3,1,1,Entrepreneur,Business
S0410,75.3,36.0,71.1,69.2,98.1,99.7,85.9,9.6,5,1,1,Lawyer,Law
S0411,63.0,77.8,91.9,89.4,91.8,51.7,79.0,23.0,1,1,0,Doctor,Healthcare
S0412,86.1,77.5,68.5,74.9,57.2,90.7,49.3,36.8,2,1,0,Electrical Engineer,Engineering
S0413,91.5,89.1,73.1,82.2,80.6,91.2,74.3,16.6,2,1,0,Biologist,Science
S0414,76.8,92.1,88.3,82.4,73.0,64.5,86.2,28.9,3,1,1,Chemist,Science
S0415,82.1,92.0,63.3,83.4,100.0,84.0,78.6,27.2,5,1,1,Marketing,Business
S0416,70.9,78.0,90.3,89.1,68.0,96.1,55.9,37.8,3,1,0,Dentist,Healthcare
S0417,91.0,61.4,82.4,67.4,84.0,78.0,73.3,0.0,8,1,1,Writer,Arts
S0418,78.7,100.0,80.0,90.8,68.3,76.1,87.6,22.2,4,1,0,Chemist,Science
S0419,100.0,62.1,77.6,50.5,87.6,34.7,73.7,18.0,2,1,0,IT Support,IT/Data
S0420,76.6,67.7,48.3,71.2,95.3,63.3,92.1,35.0,4,1,0,Analyst,Business
S0421,92.9,83.4,85.4,94.6,62.7,67.2,74.8,30.5,2,1,0,Laboratory Technician,Science
S0422,97.8,37.3,42.5,49.3,92.2,87.4,75.6,7.0,7,1,1,Artist,Arts
S0423,86.5,30.4,37.8,62.1,100.0,60.9,66.8,35.3,5,1,1,Consultant,Business
S0424,92.8,79.4,78.3,94.7,29.3,65.3,53.5,21.2,1,0,0,Biologist,Science
S0425,57.7,41.3,56.9,48.8,93.7,82.4,68.4,31.7,3,1,0,Entrepreneur,Business
S0426,100.0,22.8,51.9,75.1,82.4,82.6,74.1,16.9,7,1,1,Judge,Law
S0427,84.4,56.6,75.2,69.5,86.5,60.1,79.3,29.6,2,1,1,Educator,Education
S0428,86.3,60.9,92.0,83.6,62.9,70.0,74.7,30.1,3,1,0,Cybersecurity,IT/Data
S0429,49.0,71.9,74.5,85.0,85.9,86.2,87.3,15.0,11,0,1,Judge,Law
S0430,75.6,58.8,57.7,78.1,77.2,74.2,88.0,13.7,7,1,0,Analyst,Business
S0431,53.3,37.3,55.1,54.5,90.7,78.5,94.6,31.3,5,1,0,Attorney,Law
S0432,81.7,95.3,41.0,80.0,84.2,52.6,84.9,17.3,2,1,0,Civil Engineer,Engineering
S0433,64.2,79.1,95.1,76.7,98.5,71.4,76.7,14.5,7,0,1,Professor,Education
S0434,66.0,43.5,77.5,76.2,68.5,69.6,76.3,0.0,6,1,0,Artist,Arts
S0435,67.7,100.0,100.0,59.6,83.6,75.1,79.2,13.6,3,0,0,Civil Engineer,Engineering
S0436,82.4,80.5,54.6,84.8,88.6,82.8,91.6,18.9,6,0,1,Artist,Arts
S0437,87.8,53.7,83.2,80.1,42.9,59.9,36.4,19.7,2,1,0,Web Developer,IT/Data
S0438,82.0,50.3,55.4,75.6,85.2,95.1,77.0,23.1,5,0,1,Marketing,Business
S0439,79.4,65.5,65.8,83.2,89.8,68.5,88.9,7.7,7,1,0,Professor,Education
S0440,55.1,78.1,83.3,57.0,85.2,82.1,74.0,4.1,5,1,1,Educator,Education
S0441,56.9,54.9,75.5,96.0,69.6,71.9,66.3,22.4,3,0,0,Nurse,Healthcare
S0442,65.5,90.6,87.5,82.7,72.0,60.0,57.0,27.1,4,1,0,Nurse,Healthcare
S0443,76.3,47.5,68.6,64.7,92.5,88.0,100.0,15.2,3,1,1,Marketing,Business
S0444,58.3,44.8,57.4,61.4,85.5,84.9,50.3,16.7,3,1,1,Judge,Law
S0445,77.4,78.3,80.2,57.3,95.4,67.9,19.3,27.7,1,0,1,Civil Engineer,Engineering
S0446,91.0,74.1,83.0,96.3,77.5,68.2,68.3,26.6,4,0,1,Chemist,Science
S0447,95.0,59.8,58.5,55.2,58.4,24.0,6.4,34.6,1,1,0,Web Developer,IT/Data
S0448,91.1,83.7,67.7,88.1,78.0,45.1,60.0,13.8,2,1,1,IT Support,IT/Data
S0449,85.6,95.2,64.5,94.4,71.7,74.1,91.6,23.5,3,1,1,Cybersecurity,IT/Data
S0450,92.2,73.9,67.3,90.4,81.5,70.0,79.0,22.6,5,1,1,DevOps,IT/Data
S0451,70.3,80.3,17.3,42.6,90.1,100.0,60.9,13.3,7,1,1,Artist,Arts
S0452,73.9,89.5,77.1,88.6,80.2,85.3,56.6,42.6,7,0,0,Laboratory Technician,Science
S0453,80.7,43.1,48.4,62.2,94.7,68.2,69.2,15.9,2,0,0,DevOps,IT/Data
S0454,67.9,61.9,57.9,77.0,85.5,69.0,82.4,16.6,5,1,1,Educator,Education
S0455,88.6,96.7,88.5,81.5,79.8,66.5,80.7,17.4,5,1,1,Researcher,Science
S0456,85.6,5.8,47.6,48.4,84.5,88.3,88.9,27.0,4,1,1,Attorney,Law
S0457,95.5,86.7,68.5,47.1,62.2,49.0,59.3,27.1,5,0,0,DevOps,IT/Data
S0458,37.8,35.7,73.5,68.2,76.3,74.9,97.7,29.2,9,1,1,Writer,Arts
S0459,58.4,93.2,88.5,87.7,66.7,53.5,97.7,10.3,1,0,1,Researcher,Science
S0460,87.5,78.0,71.4,95.9,84.1,77.9,63.4,28.9,2,1,0,Dentist,Healthcare
S0461,80.9,100.0,56.0,83.8,71.6,43.4,46.8,20.0,3,0,1,Cybersecurity,IT/Data
S0462,91.4,34.5,42.7,52.4,89.1,83.0,81.4,23.0,6,1,0,Legal Advisor,Law
S0463,69.3,57.3,99.7,74.7,88.7,85.7,100.0,15.4,3,1,0,Counselor,Education
S0464,72.4,82.4,100.0,89.4,80.8,70.6,87.9,32.6,2,1,0,Nurse,Healthcare
S0465,73.9,63.2,92.1,83.1,75.6,91.0,95.1,39.4,2,0,0,Therapist,Healthcare
S0466,76.8,80.8,98.9,79.5,65.9,70.0,57.5,13.7,5,1,1,Therapist,Healthcare
S0467,68.3,60.6,100.0,79.4,100.0,89.9,81.9,9.3,10,0,1,Judge,Law
S0468,67.8,67.5,83.7,94.5,53.0,61.6,90.8,33.4,5,1,0,Pharmacist,Healthcare
S0469,81.2,80.7,94.2,96.4,79.6,71.0,78.1,36.6,2,1,0,Nurse,Healthcare
S0470,77.2,69.3,79.2,86.5,80.2,57.8,49.9,40.8,1,1,0,Dentist,Healthcare
S0471,64.6,38.2,45.5,51.3,80.9,88.5,61.8,10.3,5,1,1,Musician,Arts
S0472,64.0,58.6,46.5,54.6,58.9,95.1,69.8,31.6,5,1,1,Marketing,Business
S0473,86.6,70.5,53.1,93.7,69.7,70.9,65.0,20.2,9,0,0,Consultant,Business
S0474,83.0,84.8,80.0,85.0,58.3,87.6,51.5,23.1,4,1,0,Chemist,Science
S0475,70.1,67.3,74.1,84.9,68.9,59.6,85.3,26.4,3,0,0,Manager,Business
S0476,81.0,65.1,52.8,70.7,75.5,100.0,79.5,19.9,4,1,1,Consultant,Business
S0477,45.6,89.2,96.8,80.3,91.5,79.2,83.9,8.0,2,0,0,Writer,Arts
S0478,71.3,85.1,33.2,37.7,66.0,35.7,70.7,22.6,3,1,0,Cybersecurity,IT/Data
S0479,51.0,35.9,57.4,63.1,95.8,83.1,67.6,22.0,3,1,0,Artist,Arts
S0480,93.2,61.1,100.0,35.7,88.7,90.3,96.4,24.0,4,1,0,Lawyer,Law
S0481,56.7,50.6,65.4,57.1,86.8,77.0,97.7,9.8,5,1,1,Designer,Arts
S0482,66.6,46.9,89.1,82.8,83.3,74.8,72.8,27.4,1,1,0,Dentist,Healthcare
S0483,77.8,70.4,81.9,84.0,77.2,86.4,99.4,0.0,7,1,0,Teacher,Education
S0484,82.5,100.0,54.6,94.9,82.7,75.2,70.4,40.8,5,1,1,Software Engineer,Engineering
S0485,76.1,88.7,93.3,90.6,90.3,100.0,57.9,22.4,3,1,1,Laboratory Technician,Science
S0486,80.4,86.7,30.1,78.6,98.1,95.1,85.9,10.0,5,0,0,Legal Advisor,Law
S0487,72.9,88.7,80.5,90.5,83.7,80.4,65.0,27.7,2,1,0,Pharmacist,Healthcare
S0488,82.0,71.4,95.7,88.6,71.3,70.9,82.9,19.4,3,0,1,Therapist,Healthcare
S0489,68.9,75.1,52.0,80.0,78.1,84.2,72.8,26.6,6,1,1,Entrepreneur,Business
S0490,91.0,44.5,44.9,57.7,93.6,89.5,90.5,6.6,4,1,0,Attorney,Law
S0491,73.9,95.9,60.6,58.5,85.7,56.9,92.9,5.5,5,1,1,Trainer,Education
S0492,77.2,46.1,73.7,76.3,97.7,75.4,99.6,27.8,4,1,0,Web Developer,IT/Data
S0493,100.0,94.7,73.8,100.0,59.0,68.2,82.0,29.4,4,1,0,Physicist,Science
S0494,88.4,63.4,61.2,58.0,43.0,64.4,30.1,28.9,1,1,0,Software Engineer,Engineering
S0495,94.7,93.0,100.0,85.7,89.6,86.7,80.3,39.9,8,1,1,Legal Advisor,Law
S0496,70.4,35.8,81.8,60.9,76.7,92.6,90.0,11.6,5,1,1,Paralegal,Law
S0497,85.7,100.0,71.6,59.9,91.0,95.7,82.4,28.7,6,0,0,Legal Advisor,Law
S0498,38.3,80.0,79.8,84.3,84.3,100.0,77.7,28.4,3,1,0,Writer,Arts
S0499,45.7,77.4,44.8,55.7,80.4,86.1,84.8,0.0,5,1,0,Photographer,Arts
S0500,65.7,80.9,85.3,89.0,78.4,84.7,78.5,32.7,5,1,1,Therapist,Healthcare
S0501,75.5,100.0,88.3,94.3,72.5,52.8,52.9,31.5,1,0,1,Web Developer,IT/Data
S0502,72.0,84.1,78.2,77.7,83.4,96.3,75.1,35.0,3,0,0,Dentist,Healthcare
S0503,81.8,90.2,81.6,89.9,65.9,80.5,86.6,23.1,2,1,0,Biologist,Science
S0504,51.3,86.0,75.8,71.3,78.1,85.6,91.1,5.5,5,1,0,Judge,Law
S0505,100.0,72.2,72.2,56.4,78.7,73.4,99.6,24.0,1,1,1,Analyst,Business
S0506,94.9,72.3,76.7,52.1,89.8,71.4,86.1,2.8,9,1,0,Analyst,Business
S0507,74.2,83.4,42.0,81.0,75.7,57.9,63.3,24.0,2,0,0,Electrical Engineer,Engineering
S0508,90.2,86.7,58.6,72.9,79.8,34.3,82.6,41.5,1,1,0,Cybersecurity,IT/Data
S0509,100.0,90.1,74.3,65.8,36.7,48.0,61.6,26.4,1,1,0,Electrical Engineer,Engineering
S0510,79.7,63.0,82.3,92.8,54.3,57.3,75.2,26.8,3,1,0,Therapist,Healthcare
S0511,26.7,49.2,77.9,82.4,92.9,75.8,95.2,6.8,4,1,0,Musician,Arts
S0512,88.2,88.3,81.5,90.2,79.6,27.6,51.1,35.7,1,1,0,Therapist,Healthcare
S0513,84.3,72.5,66.0,74.1,79.4,66.3,69.7,21.0,2,0,1,Mechanical Engineer,Engineering
S0514,86.5,42.0,45.9,57.3,79.4,49.8,67.5,6.1,6,1,0,Consultant,Business
S0515,100.0,94.0,67.6,73.0,84.2,51.2,42.5,10.6,2,1,0,Electrical Engineer,Engineering
S0516,83.8,50.7,85.5,73.7,82.2,73.9,76.2,37.0,2,0,0,Nurse,Healthcare
S0517,52.8,78.9,55.2,55.5,97.5,70.8,67.1,7.3,5,1,0,Artist,Arts
S0518,71.1,88.2,78.6,98.9,59.0,42.8,42.7,24.8,2,1,0,Laboratory Technician,Science
S0519,87.8,63.1,85.3,87.7,49.3,57.8,78.8,29.7,3,1,0,Therapist,Healthcare
S0520,96.0,46.8,30.5,46.1,98.0,92.0,83.7,14.9,4,0,1,Legal Advisor,Law
S0521,73.5,64.1,66.2,12.7,71.9,69.1,96.1,9.2,5,1,0,Analyst,Business
S0522,87.5,60.5,50.1,45.1,76.6,88.5,66.7,22.5,3,1,1,Analyst,Business
S0523,57.8,100.0,50.4,71.6,100.0,89.0,57.7,14.7,3,1,0,Counselor,Education
S0524,85.1,81.9,96.0,81.1,72.1,66.1,59.8,25.5,2,1,0,Chemist,Science
S0525,80.0,68.0,49.3,75.0,93.0,73.1,68.7,15.0,3,1,1,Counselor,Education
S0526,96.3,66.8,49.2,60.4,86.6,45.6,65.5,22.1,7,1,0,Marketing,Business
S0527,97.5,32.2,76.6,85.0,91.9,36.5,75.6,26.6,6,0,0,DevOps,IT/Data
S0528,93.8,97.2,65.7,93.7,57.7,83.0,91.7,24.2,2,1,0,Software Engineer,Engineering
S0529,99.5,31.4,36.3,35.9,94.2,91.3,100.0,22.4,3,1,1,Paralegal,Law
S0530,97.2,68.4,78.3,84.8,87.0,59.2,71.5,32.8,1,1,0,Therapist,Healthcare
S0531,75.7,66.2,57.7,60.8,83.3,82.0,78.0,15.7,10,0,0,Entrepreneur,Business
S0532,75.2,58.8,46.3,86.5,80.7,98.3,86.0,29.5,4,0,1,Artist,Arts
S0533,83.6,77.5,68.2,86.3,74.2,53.5,85.6,17.8,4,0,0,Therapist,Healthcare
S0534,81.9,51.5,48.1,79.4,87.8,67.8,99.0,13.0,9,1,0,Trainer,Education
S0535,72.6,70.3,29.4,71.7,89.1,89.4,66.4,0.0,8,1,1,Designer,Arts
S0536,61.7,46.4,59.0,74.0,90.4,94.6,81.1,20.3,7,1,1,Lawyer,Law
S0537,67.2,65.1,100.0,85.5,82.3,78.1,57.0,24.9,1,1,0,Dentist,Healthcare
S0538,70.8,81.7,63.2,92.8,89.3,41.2,75.5,29.8,4,0,1,Web Developer,IT/Data
S0539,68.0,76.0,74.4,86.1,93.4,69.1,74.1,32.9,2,1,1,Nurse,Healthcare
S0540,70.1,79.9,65.6,82.6,90.0,65.8,54.9,21.1,2,1,0,Chemist,Science
S0541,86.7,83.5,81.9,97.1,64.3,59.8,43.1,39.6,7,0,1,Data Scientist,IT/Data
S0542,93.7,86.1,39.4,87.3,76.8,84.0,67.1,21.4,6,0,1,Entrepreneur,Business
S0543,56.5,82.2,54.2,80.3,62.8,100.0,100.0,14.6,3,1,0,Artist,Arts
S0544,98.5,91.7,68.4,98.1,79.6,83.1,49.5,19.8,1,1,0,Cybersecurity,IT/Data
S0545,84.6,100.0,79.4,63.2,60.5,97.7,54.0,30.9,1,0,1,Civil Engineer,Engineering
S0546,94.1,24.8,43.1,79.5,93.1,90.4,97.6,9.9,4,1,0,Paralegal,Law
S0547,77.0,85.4,89.3,81.2,88.2,87.5,68.6,23.3,0,1,0,IT Support,IT/Data
S0548,62.7,67.5,100.0,86.0,84.2,84.3,69.3,27.5,3,0,1,Doctor,Healthcare
S0549,76.7,72.2,74.4,87.4,68.2,18.9,100.0,25.2,1,1,0,Pharmacist,Healthcare
S0550,78.9,75.9,79.8,36.6,88.4,83.8,67.3,0.0,3,1,0,Trainer,Education
S0551,100.0,75.6,24.6,55.8,70.8,72.1,62.4,21.0,4,1,0,Counselor,Education
S0552,89.4,79.2,50.7,57.4,67.1,76.3,65.0,8.2,3,0,1,Manager,Business
S0553,81.8,69.8,83.6,68.0,80.2,85.4,72.8,9.6,2,1,0,Data Scientist,IT/Data
S0554,100.0,68.0,50.1,75.2,92.5,76.3,93.6,15.9,8,1,0,Attorney,Law
S0555,81.9,57.1,62.6,61.9,98.5,90.0,87.5,14.3,6,1,1,Lawyer,Law
S0556,67.1,54.0,100.0,58.3,80.5,94.8,49.1,0.2,5,0,1,Writer,Arts
S0557,84.4,66.6,24.8,82.7,95.1,94.8,73.1,21.5,5,1,0,Legal Advisor,Law
S0558,46.7,55.6,80.8,72.7,100.0,64.1,98.1,13.9,6,1,0,Trainer,Education
S0559,32.9,31.2,43.7,82.0,100.0,74.6,77.3,23.9,4,1,1,Designer,Arts
S0560,77.5,80.6,69.8,92.7,73.9,49.3,59.5,34.0,5,1,0,Civil Engineer,Engineering
S0561,94.5,61.1,75.6,76.8,85.9,96.9,81.9,17.4,7,1,1,Judge,Law
S0562,82.9,91.0,100.0,77.7,88.1,60.9,66.8,25.6,4,0,0,Researcher,Science
S0563,65.1,58.4,71.8,100.0,78.4,48.4,68.5,26.6,6,1,1,Analyst,Business
S0564,92.9,80.4,40.4,38.2,82.7,70.6,80.2,26.3,3,1,1,Analyst,Business
S0565,93.1,69.6,46.3,45.2,61.7,51.1,43.4,27.4,2,0,0,Data Scientist,IT/Data
S0566,100.0,49.2,78.6,88.4,86.5,70.6,78.8,25.5,6,1,0,Teacher,Education
S0567,83.4,98.8,89.4,97.4,54.8,87.6,100.0,25.5,3,0,0,Biologist,Science
S0568,94.2,89.1,73.6,82.1,71.1,57.9,56.7,28.4,4,1,0,DevOps,IT/Data
S0569,56.3,75.7,87.1,56.4,77.8,83.7,90.5,27.6,5,1,0,Writer,Arts
S0570,96.1,73.7,67.7,68.4,95.3,89.1,80.9,27.4,6,0,1,Paralegal,Law
S0571,56.8,50.1,59.1,62.8,82.8,95.7,80.3,26.5,10,1,0,Designer,Arts
S0572,65.1,86.0,72.4,75.7,78.8,90.7,40.9,20.5,4,1,0,Civil Engineer,Engineering
S0573,82.9,73.9,74.4,84.5,88.5,75.3,80.5,32.3,2,1,0,Doctor,Healthcare
S0574,56.3,50.9,30.7,48.3,93.1,84.8,79.5,21.7,7,1,1,Artist,Arts
S0575,94.5,91.4,73.6,48.4,44.6,62.9,34.9,27.0,5,0,1,Electrical Engineer,Engineering
S0576,35.8,62.6,23.2,70.7,92.6,88.3,92.9,29.1,5,1,0,Photographer,Arts
S0577,81.8,84.1,88.9,55.4,96.4,54.2,78.8,25.7,1,0,0,Electrical Engineer,Engineering
S0578,82.6,71.8,86.3,62.2,79.7,53.6,64.8,24.2,4,1,0,Software Engineer,Engineering
S0579,92.8,68.5,78.8,41.7,75.1,78.5,38.8,14.3,3,1,1,Mechanical Engineer,Engineering
S0580,53.9,57.8,68.6,98.1,82.7,79.1,87.7,11.1,7,1,1,Professor,Education
S0581,63.3,76.4,76.3,92.0,68.7,88.2,70.5,30.3,2,1,0,Dentist,Healthcare
S0582,82.4,55.7,67.7,100.0,61.1,100.0,57.1,20.0,0,0,1,Chemical Engineer,Engineering
S0583,88.2,65.1,80.6,82.4,91.5,65.6,90.4,14.8,3,1,1,Entrepreneur,Business
S0584,92.2,52.1,79.9,80.5,62.3,68.7,58.8,18.1,3,0,0,Mechanical Engineer,Engineering
S0585,79.8,81.0,85.3,84.3,59.2,67.8,48.8,23.3,4,0,1,IT Support,IT/Data
S0586,99.3,78.5,69.5,53.7,92.7,49.7,63.2,21.2,3,0,0,Cybersecurity,IT/Data
S0587,88.9,69.7,84.0,80.5,71.1,65.3,73.0,39.6,2,0,0,Nurse,Healthcare
S0588,69.0,77.8,89.6,78.7,76.8,88.1,58.9,35.0,3,1,0,Dentist,Healthcare
S0589,100.0,62.7,60.1,61.4,89.4,98.4,74.3,23.5,2,1,1,Paralegal,Law
S0590,91.1,95.7,56.7,100.0,32.4,49.6,59.7,29.7,0,1,0,Mechanical Engineer,Engineering
S0591,93.4,100.0,58.6,100.0,71.8,54.4,48.6,23.4,3,0,0,Web Developer,IT/Data
S0592,86.4,87.4,86.3,82.1,69.1,88.7,76.7,24.7,7,1,0,Chemist,Science
S0593,81.8,68.2,85.3,87.9,91.9,52.4,47.7,21.7,3,0,0,Electrical Engineer,Engineering
S0594,81.4,100.0,79.0,72.3,100.0,37.0,82.3,38.3,3,0,0,Civil Engineer,Engineering
S0595,96.5,97.3,93.8,76.2,86.4,63.8,79.2,23.4,4,1,0,Software Engineer,Engineering
S0596,89.2,82.1,74.5,80.5,75.0,15.5,69.1,25.7,6,1,0,IT Support,IT/Data
S0597,1.5,32.1,35.2,68.9,97.7,80.6,90.7,25.8,11,1,0,Artist,Arts
S0598,93.1,92.5,91.4,88.2,77.8,53.6,70.4,26.5,2,0,0,Researcher,Science
S0599,57.3,69.3,57.8,78.9,79.3,72.7,48.9,28.2,5,1,1,Analyst,Business
S0600,62.6,72.7,99.0,52.5,84.0,78.7,48.7,14.3,9,1,1,Photographer,Arts
S0601,90.0,90.6,99.9,73.8,97.5,72.8,96.0,27.6,1,1,0,Nurse,Healthcare
S0602,63.8,82.8,85.1,61.9,87.6,97.6,96.8,8.4,8,1,0,Attorney,Law
S0603,60.9,84.6,85.6,84.8,52.6,35.3,67.3,32.2,4,0,1,Researcher,Science
S0604,86.0,71.9,76.3,86.8,77.3,81.8,77.2,27.6,5,1,1,Biologist,Science
S0605,81.2,53.3,77.9,47.5,69.2,80.0,84.2,7.5,4,1,0,Analyst,Business
S0606,95.0,75.7,49.3,78.8,79.3,70.7,83.2,12.6,3,1,1,Marketing,Business
S0607,80.5,82.7,87.1,88.1,46.0,35.3,79.4,26.1,4,1,0,Chemist,Science
S0608,96.5,76.2,36.2,59.0,78.9,53.3,60.0,15.2,3,0,1,Cybersecurity,IT/Data
S0609,90.5,85.6,73.7,82.2,82.4,59.9,50.9,17.5,5,0,1,Electrical Engineer,Engineering
S0610,72.4,42.9,40.6,47.4,99.3,93.2,77.1,28.7,2,1,0,Attorney,Law
S0611,82.1,45.7,80.5,97.9,80.4,22.3,64.6,22.8,2,1,0,DevOps,IT/Data
S0612,58.9,83.4,87.1,87.0,77.8,74.6,81.5,34.9,1,0,1,Nurse,Healthcare
S0613,59.4,74.7,92.4,84.6,95.4,99.0,87.1,11.2,6,1,0,Teacher,Education
S0614,55.4,46.7,81.8,79.0,74.0,83.6,67.9,28.2,2,0,0,Pharmacist,Healthcare
S0615,83.4,89.8,99.3,90.8,92.8,60.5,55.0,19.6,6,1,0,Physicist,Science
S0616,92.7,48.3,27.2,61.6,81.7,65.9,86.8,35.1,6,0,0,Musician,Arts
S0617,98.3,82.6,83.0,49.4,55.3,83.7,44.2,26.2,5,1,0,Cybersecurity,IT/Data
S0618,55.7,35.5,24.0,51.8,83.1,90.0,80.8,37.3,7,0,0,Designer,Arts
S0619,63.4,55.9,84.6,62.3,66.1,100.0,67.6,29.6,7,1,0,Musician,Arts
S0620,83.7,87.7,83.3,79.9,78.9,62.9,69.5,29.1,2,1,0,Researcher,Science
S0621,79.7,85.0,99.5,53.5,78.2,36.2,48.3,34.1,5,1,0,Cybersecurity,IT/Data
S0622,76.0,72.4,82.0,90.5,81.3,68.6,56.9,29.8,3,1,1,Therapist,Healthcare
S0623,47.3,35.4,64.1,56.0,90.0,98.2,92.3,33.8,5,1,0,Judge,Law
S0624,80.6,85.5,81.0,91.8,65.9,45.7,100.0,26.4,4,1,0,Mechanical Engineer,Engineering
S0625,82.7,93.3,93.3,91.8,84.4,96.9,91.4,26.6,3,0,1,Laboratory Technician,Science
S0626,64.4,44.4,36.9,71.8,92.7,91.2,100.0,21.6,3,1,1,Paralegal,Law
S0627,64.7,50.7,68.3,75.3,100.0,99.5,79.6,19.0,9,1,1,Legal Advisor,Law
S0628,94.6,83.7,74.7,83.3,68.6,61.0,71.8,27.7,2,1,0,Researcher,Science
S0629,50.7,80.7,71.2,88.6,84.1,100.0,82.2,2.4,3,0,1,Judge,Law
S0630,77.9,76.0,74.2,73.7,92.7,89.0,95.2,20.1,3,1,0,Attorney,Law
S0631,85.2,53.2,68.5,68.2,67.5,39.9,59.9,34.4,4,0,0,Mechanical Engineer,Engineering
S0632,88.2,88.0,59.8,64.4,73.0,45.7,55.9,23.3,3,1,0,Electrical Engineer,Engineering
S0633,57.6,36.8,42.8,74.8,92.0,77.0,55.1,47.7,6,1,0,Artist,Arts
S0634,100.0,94.0,43.9,64.1,80.9,88.7,100.0,19.3,4,1,0,Teacher,Education
S0635,58.0,80.1,65.6,46.1,100.0,80.7,99.9,33.3,7,0,0,Educator,Education
S0636,93.4,88.9,76.6,92.6,73.0,22.6,81.4,28.1,3,1,0,Researcher,Science
S0637,77.3,86.1,62.9,56.5,60.9,52.3,85.4,26.2,5,1,1,Data Scientist,IT/Data
S0638,82.9,49.9,82.0,80.8,72.4,100.0,67.3,29.5,9,1,0,Musician,Arts
S0639,46.8,31.7,65.6,91.4,83.5,71.7,90.4,20.1,4,1,0,Designer,Arts
S0640,79.0,74.1,68.6,81.5,89.1,95.5,87.3,11.9,5,1,1,Judge,Law
S0641,85.8,100.0,85.9,78.7,87.7,57.6,79.4,26.5,0,1,1,Laboratory Technician,Science
S0642,96.2,99.3,84.7,88.1,86.7,41.0,70.2,35.7,4,0,1,Chemist,Science
S0643,81.5,59.6,30.8,89.4,66.0,63.1,65.0,16.5,2,1,0,Data Scientist,IT/Data
S0644,65.5,96.2,93.2,94.5,76.6,92.7,68.7,29.8,2,1,1,Pharmacist,Healthcare
S0645,72.7,45.5,47.3,76.5,92.2,77.3,54.2,15.5,4,1,1,Writer,Arts
S0646,74.6,56.4,89.5,84.8,63.3,56.6,98.0,32.3,1,0,0,Therapist,Healthcare
S0647,80.5,83.3,85.1,93.0,72.4,82.7,75.3,21.7,2,0,0,Pharmacist,Healthcare
S0648,75.1,63.2,62.0,76.9,67.6,87.3,66.8,31.7,1,0,0,Mechanical Engineer,Engineering
S0649,86.6,87.4,78.7,99.7,83.5,76.8,64.0,37.9,0,1,1,Laboratory Technician,Science
S0650,86.6,71.5,94.3,95.6,95.5,71.9,64.0,33.7,2,0,1,Doctor,Healthcare
S0651,87.3,78.8,85.8,72.9,95.8,56.0,86.3,25.9,2,1,0,Nurse,Healthcare
S0652,73.0,62.7,50.2,86.0,90.3,76.9,93.3,18.7,5,1,0,Educator,Education
S0653,68.8,63.4,70.4,74.2,98.2,64.5,84.9,18.9,5,1,0,Professor,Education
S0654,94.0,100.0,41.8,59.3,79.0,63.9,88.2,11.5,8,1,0,Analyst,Business
S0655,72.9,55.5,75.9,96.0,75.5,87.3,80.9,31.9,1,1,0,Doctor,Healthcare
S0656,63.3,74.0,55.2,70.7,93.4,73.3,89.2,5.6,5,1,1,Legal Advisor,Law
S0657,59.2,72.2,75.5,91.1,88.7,87.5,80.7,2.3,2,1,0,Trainer,Education
S0658,79.1,89.5,81.4,33.5,78.2,74.1,36.2,37.2,4,0,0,Chemical Engineer,Engineering
S0659,85.8,53.8,87.0,85.5,92.6,86.4,75.3,19.6,4,1,1,Judge,Law
S0660,79.0,72.8,76.9,91.7,50.3,65.2,81.2,32.4,4,0,0,Civil Engineer,Engineering
S0661,51.5,78.7,84.0,77.8,74.5,59.4,62.3,16.4,1,1,0,Doctor,Healthcare
S0662,71.7,47.6,90.9,89.3,95.9,77.7,81.4,13.5,3,1,0,Manager,Business
S0663,78.7,84.2,48.5,88.7,80.3,61.7,41.4,30.4,3,0,1,Data Scientist,IT/Data
S0664,75.0,96.6,99.8,58.1,94.8,84.5,63.2,5.5,3,1,1,Mechanical Engineer,Engineering
S0665,82.7,93.0,90.8,74.9,69.5,100.0,78.3,24.3,2,0,0,Electrical Engineer,Engineering
S0666,53.5,69.7,94.2,50.2,78.3,55.4,77.6,16.5,6,0,0,Designer,Arts
S0667,65.8,70.5,86.3,82.8,100.0,77.1,93.7,12.9,5,0,1,Professor,Education
S0668,75.9,40.8,69.9,84.2,84.9,60.5,80.6,35.6,4,1,0,Teacher,Education
S0669,99.7,76.7,79.3,80.7,84.3,94.6,63.8,21.8,2,1,1,Software Engineer,Engineering
S0670,86.0,89.3,93.4,89.9,63.1,87.3,58.4,27.6,3,1,0,Researcher,Science
S0671,66.3,29.3,43.2,71.5,86.8,69.8,67.5,0.1,2,1,1,Musician,Arts
S0672,97.0,76.4,86.5,92.0,83.8,45.8,100.0,18.4,3,0,0,Therapist,Healthcare
S0673,84.8,89.3,62.8,60.4,80.0,54.8,81.6,26.7,1,0,0,Civil Engineer,Engineering
S0674,38.2,77.2,63.9,72.1,76.9,76.5,75.4,0.0,7,1,0,Photographer,Arts
S0675,91.3,71.0,34.6,83.2,97.2,68.3,60.5,10.7,5,0,1,Musician,Arts
S0676,87.9,92.6,78.8,78.2,93.3,72.4,81.0,28.5,0,0,0,Biologist,Science
S0677,62.7,76.4,91.2,66.5,84.9,70.1,84.6,22.5,5,1,0,Legal Advisor,Law
S0678,48.4,69.0,72.9,45.3,91.2,87.3,87.6,8.8,4,1,1,Attorney,Law
S0679,84.2,81.2,96.0,98.0,69.4,88.5,68.8,19.3,6,1,0,Biologist,Science
S0680,75.2,79.6,75.0,81.5,81.2,65.2,77.3,20.5,3,1,0,Manager,Business
S0681,86.3,74.9,49.3,55.3,86.6,64.2,78.7,21.2,5,1,1,Consultant,Business
S0682,84.3,100.0,33.9,90.0,67.6,41.0,100.0,30.9,3,0,1,DevOps,IT/Data
S0683,60.3,61.5,63.8,87.2,88.8,89.7,91.4,41.5,3,1,1,Designer,Arts
S0684,72.2,64.8,63.1,57.1,70.9,85.5,88.1,26.0,8,1,1,Consultant,Business
S0685,70.1,84.9,81.3,72.8,55.3,54.1,96.5,26.5,4,0,1,Biologist,Science
S0686,78.2,78.3,69.0,72.0,88.0,49.6,86.0,18.7,4,0,0,Chemical Engineer,Engineering
S0687,70.5,36.2,95.7,38.0,86.1,100.0,86.9,28.0,6,1,1,Writer,Arts
S0688,73.3,72.5,83.4,99.3,66.9,63.0,79.2,24.1,1,0,0,Pharmacist,Healthcare
S0689,82.4,83.5,65.6,72.2,76.8,69.2,76.2,28.5,2,0,0,Civil Engineer,Engineering
S0690,72.3,44.8,88.8,76.5,79.7,73.6,85.3,40.7,1,1,0,Doctor,Healthcare
S0691,79.1,87.4,82.9,85.2,72.4,59.9,69.0,33.6,3,1,0,Physicist,Science
S0692,67.6,45.3,68.4,62.4,97.8,95.4,71.9,30.4,4,0,0,Entrepreneur,Business
S0693,96.8,48.7,50.6,94.5,82.1,100.0,75.4,45.2,4,1,1,Entrepreneur,Business
S0694,93.4,91.3,82.6,49.6,94.7,61.4,53.0,26.9,3,1,0,Chemical Engineer,Engineering
S0695,100.0,33.0,48.2,47.9,86.8,86.4,89.5,33.1,3,1,1,Legal Advisor,Law
S0696,63.0,56.2,87.7,16.6,89.1,78.7,86.8,18.7,6,1,0,Writer,Arts
S0697,75.9,43.7,92.5,53.1,99.7,91.0,78.2,18.9,7,1,1,Legal Advisor,Law
S0698,67.2,54.2,65.0,60.4,79.8,100.0,83.9,38.3,6,1,0,Lawyer,Law
S0699,90.4,78.5,83.8,94.6,51.7,88.7,37.3,29.9,4,1,1,Civil Engineer,Engineering
S0700,73.7,39.7,60.0,78.1,71.6,44.9,100.0,23.4,8,0,0,Marketing,Business
S0701,43.7,72.8,63.7,30.2,88.4,79.0,76.3,8.0,9,0,1,Artist,Arts
S0702,94.5,62.2,74.3,93.1,87.6,70.1,63.6,36.0,2,0,0,Dentist,Healthcare
S0703,90.8,56.3,57.7,53.6,98.2,84.3,97.5,21.6,4,1,1,Judge,Law
S0704,90.9,88.5,69.0,57.4,72.1,68.3,52.7,30.6,2,0,1,Mechanical Engineer,Engineering
S0705,88.5,80.3,77.7,100.0,63.8,49.6,49.7,16.4,2,0,0,DevOps,IT/Data
S0706,100.0,81.2,82.3,96.9,76.5,70.4,71.1,34.4,4,1,0,Laboratory Technician,Science
S0707,64.0,69.7,41.3,84.2,94.9,78.4,71.3,10.6,10,1,1,Educator,Education
S0708,86.9,76.7,84.7,88.6,77.3,50.7,57.0,34.4,0,1,1,Nurse,Healthcare
S0709,53.1,42.9,56.5,69.1,87.4,95.5,75.8,1.0,5,1,1,Lawyer,Law
S0710,83.7,77.4,77.3,54.3,77.3,98.1,78.1,16.2,5,0,0,Software Engineer,Engineering
S0711,93.7,72.4,61.4,85.8,65.8,61.3,81.2,16.9,3,1,0,Web Developer,IT/Data
S0712,76.0,48.7,64.9,75.4,97.8,96.3,83.3,18.5,5,1,0,Legal Advisor,Law
S0713,78.1,50.2,87.5,100.0,54.0,52.5,65.3,33.3,3,1,0,Nurse,Healthcare
S0714,68.9,58.4,86.0,65.3,89.5,98.4,86.2,12.5,6,1,1,Lawyer,Law
S0715,87.4,63.5,87.5,48.6,77.8,56.4,55.9,26.7,2,1,1,Mechanical Engineer,Engineering
S0716,77.4,85.5,70.1,81.0,46.6,75.9,87.6,21.4,3,1,0,Physicist,Science
S0717,99.4,73.4,78.7,83.0,45.0,44.0,100.0,17.3,1,1,0,Chemical Engineer,Engineering
S0718,80.4,64.8,60.0,59.9,67.6,58.1,75.6,19.0,5,1,1,IT Support,IT/Data
S0719,74.8,61.6,57.2,45.8,85.7,92.4,72.4,5.1,4,1,1,Paralegal,Law
S0720,68.3,72.6,90.4,90.0,91.0,64.2,82.1,19.2,3,0,0,Nurse,Healthcare
S0721,63.0,59.4,70.4,49.9,89.0,92.6,82.1,18.0,5,1,1,Judge,Law
S0722,84.2,42.4,90.9,78.1,76.2,88.9,88.8,38.0,0,0,1,Dentist,Healthcare
S0723,75.2,74.0,50.5,47.1,62.1,82.2,71.7,8.3,5,1,0,Marketing,Business
S0724,62.5,57.0,72.7,77.9,60.3,54.5,55.6,32.4,4,0,0,Pharmacist,Healthcare
S0725,91.1,89.2,85.8,89.3,67.0,70.3,82.5,19.2,3,0,0,Biologist,Science
S0726,75.8,56.4,69.0,64.0,69.1,100.0,72.2,0.0,6,1,0,Analyst,Business
S0727,84.2,92.0,83.0,79.0,77.5,82.7,73.2,27.9,3,0,1,Chemical Engineer,Engineering
S0728,61.9,58.6,58.7,31.4,90.0,63.6,96.0,13.1,2,1,1,Marketing,Business
S0729,81.7,87.1,100.0,87.0,80.0,64.6,95.1,45.6,2,0,0,Nurse,Healthcare
S0730,74.8,39.4,60.0,64.2,55.5,100.0,78.9,0.0,5,1,1,Manager,Business
S0731,72.2,72.4,50.3,86.4,97.0,83.0,75.7,9.1,7,1,0,Teacher,Education
S0732,98.9,67.7,62.0,73.3,74.8,74.7,73.0,22.7,3,1,1,Designer,Arts
S0733,30.5,44.8,80.1,68.2,79.7,91.7,65.5,19.1,6,1,1,Musician,Arts
S0734,87.8,68.7,90.5,79.4,94.5,100.0,79.8,17.5,3,0,0,Nurse,Healthcare
S0735,45.3,55.5,81.6,34.9,63.8,97.0,56.0,13.4,4,1,1,Musician,Arts
S0736,82.5,90.8,77.1,64.6,58.4,69.0,59.5,22.0,2,1,0,DevOps,IT/Data
S0737,60.5,54.3,84.0,72.8,87.1,95.3,97.8,0.0,3,1,0,Educator,Education
S0738,100.0,70.0,71.8,43.8,84.6,67.9,53.1,21.9,2,1,0,Electrical Engineer,Engineering
S0739,88.0,64.7,74.9,84.3,88.8,91.0,82.8,30.2,4,1,1,Lawyer,Law
S0740,82.3,48.2,68.0,60.8,68.9,83.5,75.9,4.8,7,1,1,Professor,Education
S0741,29.3,35.0,50.0,74.1,85.9,64.3,53.2,21.1,8,1,0,Photographer,Arts
S0742,100.0,64.8,70.9,65.2,79.4,75.1,67.4,0.0,9,1,0,Professor,Education
S0743,97.7,22.7,41.8,81.0,92.3,81.9,61.2,4.5,5,1,1,Artist,Arts
S0744,71.4,54.3,39.0,51.1,71.7,83.9,73.4,17.9,6,1,0,Entrepreneur,Business
S0745,73.9,81.8,88.2,76.5,84.9,58.4,72.8,14.3,0,1,0,Biologist,Science
S0746,84.5,99.7,80.7,55.7,59.3,76.9,91.4,27.3,9,0,0,Software Engineer,Engineering
S0747,87.3,92.7,87.9,79.4,60.4,53.4,91.4,27.4,0,0,0,Researcher,Science
S0748,81.7,89.8,93.8,23.9,76.8,59.9,24.4,15.9,3,0,1,Mechanical Engineer,Engineering
S0749,97.5,75.1,84.4,74.0,34.3,54.8,81.2,18.6,7,1,0,Physicist,Science
S0750,89.7,92.2,78.9,91.7,95.9,40.8,68.4,20.9,4,1,1,Chemist,Science
S0751,66.9,68.0,82.8,47.5,100.0,87.5,63.4,19.9,5,1,1,Counselor,Education
S0752,74.4,91.6,79.5,86.6,69.4,62.0,87.5,16.0,3,0,0,Laboratory Technician,Science
S0753,84.0,61.2,93.7,91.1,49.9,74.5,65.9,33.2,1,1,1,Doctor,Healthcare
S0754,83.5,79.2,75.2,77.4,77.9,82.9,84.2,4.5,2,1,1,Teacher,Education
S0755,60.9,76.5,93.9,94.0,91.0,66.8,65.0,25.6,0,0,0,Doctor,Healthcare
S0756,67.6,44.5,80.8,66.4,91.0,84.0,71.7,33.1,3,1,1,Attorney,Law
S0757,82.7,77.7,82.4,50.5,92.2,96.8,100.0,0.0,3,1,1,Writer,Arts
S0758,96.8,92.3,83.6,100.0,67.6,56.8,61.4,24.5,2,1,0,Web Developer,IT/Data
S0759,52.6,75.7,72.1,78.3,79.5,97.6,84.0,7.0,9,1,0,Educator,Education
S0760,5.5,4.1,42.1,33.3,95.4,85.2,46.0,0.0,6,1,1,Artist,Arts
S0761,90.6,58.5,57.6,100.0,56.1,73.2,64.6,26.5,5,1,0,Chemical Engineer,Engineering
S0762,77.0,79.5,97.2,100.0,64.7,54.1,55.3,27.1,3,1,1,Laboratory Technician,Science
S0763,60.7,47.3,55.7,73.8,89.4,81.1,94.4,29.6,10,1,1,Photographer,Arts
S0764,76.5,83.3,65.6,40.8,86.2,80.5,79.6,18.2,4,1,1,Attorney,Law
S0765,67.2,86.3,100.0,86.7,42.6,71.2,87.3,18.6,1,0,0,Biologist,Science
S0766,85.3,92.4,70.2,89.6,100.0,95.8,65.4,26.1,3,0,0,Physicist,Science
S0767,95.2,67.8,76.8,84.4,90.7,80.6,46.6,37.6,4,0,0,DevOps,IT/Data
S0768,78.3,94.1,77.5,88.2,63.9,63.6,86.4,22.0,3,1,0,Physicist,Science
S0769,84.9,68.9,100.0,63.9,73.7,50.9,43.7,29.7,2,1,1,Electrical Engineer,Engineering
S0770,77.6,63.4,56.7,34.4,55.1,61.5,100.0,33.1,8,1,1,Web Developer,IT/Data
S0771,100.0,99.9,74.1,76.3,77.0,94.5,78.4,23.1,5,0,0,Chemist,Science
S0772,78.6,41.4,78.9,65.3,91.8,38.1,77.3,21.3,4,0,1,Consultant,Business
S0773,63.8,81.1,87.7,85.3,70.0,38.5,70.8,28.0,5,1,0,Dentist,Healthcare
S0774,87.1,68.9,82.0,100.0,70.9,64.6,83.4,29.2,0,0,0,Civil Engineer,Engineering
S0775,86.9,63.7,93.3,83.2,68.7,54.0,64.7,16.9,7,1,0,Electrical Engineer,Engineering
S0776,86.2,89.5,96.9,83.3,68.2,75.6,76.1,25.5,2,1,0,Chemist,Science
S0777,70.2,94.4,85.8,89.0,75.4,92.0,71.9,26.6,4,1,0,Therapist,Healthcare
S0778,88.8,66.1,93.2,93.9,84.4,46.6,66.2,29.7,0,1,0,Nurse,Healthcare
S0779,90.6,81.5,80.2,98.1,62.1,86.3,76.8,23.7,2,1,0,Physicist,Science
S0780,82.2,71.2,71.1,84.5,65.8,60.4,80.8,12.8,4,0,0,Analyst,Business
S0781,71.7,87.1,71.1,40.9,56.9,98.8,58.0,27.6,2,1,0,Software Engineer,Engineering
S0782,100.0,73.0,57.6,55.8,87.6,89.8,78.7,14.4,3,1,1,Consultant,Business
S0783,69.6,95.8,74.7,98.0,68.8,43.1,75.6,28.5,2,1,0,Pharmacist,Healthcare
S0784,68.1,34.5,60.4,70.4,84.9,86.0,88.3,14.8,4,1,0,Lawyer,Law
S0785,89.4,87.7,73.5,60.5,67.4,80.2,80.5,25.4,3,1,0,Cybersecurity,IT/Data
S0786,48.7,61.2,44.1,54.6,72.5,73.8,87.5,1.4,7,0,0,Writer,Arts
S0787,74.4,80.1,65.3,77.1,77.7,69.9,64.2,16.3,8,1,0,Manager,Business
S0788,75.8,88.0,68.7,68.3,79.8,64.3,71.5,24.3,6,1,1,Entrepreneur,Business
S0789,100.0,92.9,100.0,93.6,58.9,61.1,83.8,28.5,3,1,0,Chemist,Science
S0790,84.7,90.7,42.5,60.1,93.2,58.2,72.1,4.0,6,0,0,Analyst,Business
S0791,64.5,58.3,75.4,62.6,87.2,79.4,85.5,31.3,7,1,0,Professor,Education
S0792,94.0,72.8,84.0,79.2,73.7,100.0,53.5,37.3,5,0,1,Software Engineer,Engineering
S0793,64.4,75.7,78.9,59.9,99.9,66.7,72.8,10.8,6,0,0,Attorney,Law
S0794,84.7,57.7,92.1,85.7,78.2,70.6,100.0,29.3,1,1,0,Pharmacist,Healthcare
S0795,94.5,87.3,96.8,96.1,76.5,77.2,81.3,8.9,2,1,0,Physicist,Science
S0796,96.6,74.9,71.3,60.0,80.5,46.5,82.9,23.0,1,1,0,Web Developer,IT/Data
S0797,72.3,53.3,55.1,45.2,94.3,93.4,70.9,27.6,3,1,1,Legal Advisor,Law
S0798,74.5,100.0,68.9,43.5,88.5,76.9,100.0,29.7,2,1,1,Chemical Engineer,Engineering
S0799,74.8,51.8,67.5,65.3,82.5,91.7,87.2,20.4,5,0,0,Marketing,Business
S0800,86.7,61.3,90.2,39.2,70.4,63.6,70.6,34.0,4,0,1,Web Developer,IT/Data
S0801,53.6,69.7,83.4,88.6,54.4,89.8,72.1,32.5,3,1,1,Doctor,Healthcare
S0802,92.1,85.8,88.6,63.7,75.1,79.7,91.8,22.6,2,1,0,DevOps,IT/Data
S0803,95.6,84.7,71.4,61.3,71.2,66.1,96.6,13.7,5,1,1,Entrepreneur,Business
S0804,87.6,61.0,80.2,55.6,79.9,52.2,83.2,24.5,8,1,0,Entrepreneur,Business
S0805,62.3,92.2,60.5,69.1,94.7,83.9,96.0,34.2,6,0,1,Photographer,Arts
S0806,89.9,85.7,100.0,87.3,64.2,43.4,69.8,28.5,2,0,0,Biologist,Science
S0807,73.4,97.0,68.5,88.4,77.8,59.3,71.6,24.7,3,0,1,Biologist,Science
S0808,65.7,68.3,82.3,100.0,63.3,72.0,71.7,29.3,1,0,0,Nurse,Healthcare
S0809,85.9,73.6,89.0,73.2,76.5,64.2,91.4,19.6,3,1,0,Biologist,Science
S0810,78.8,88.4,76.9,81.0,73.5,38.6,87.5,26.3,6,0,0,Laboratory Technician,Science
S0811,100.0,89.7,67.8,73.3,68.9,58.6,62.9,39.3,2,1,0,Researcher,Science
S0812,46.9,83.1,86.2,92.9,78.1,51.5,78.0,35.1,4,1,1,Dentist,Healthcare
S0813,70.3,84.7,81.6,80.9,99.3,34.4,100.0,34.2,2,1,0,Therapist,Healthcare
S0814,100.0,67.3,81.2,45.0,53.6,58.5,62.5,28.0,4,1,1,Software Engineer,Engineering
S0815,83.5,81.1,84.6,89.4,74.2,76.6,47.6,21.3,3,0,0,Software Engineer,Engineering
S0816,72.9,81.6,94.4,95.3,85.6,74.3,69.1,29.3,0,1,1,Pharmacist,Healthcare
S0817,92.7,60.6,67.0,50.1,89.6,74.3,100.0,18.9,1,1,0,IT Support,IT/Data
S0818,81.9,52.1,52.2,50.2,71.9,86.1,87.4,27.0,5,1,0,Writer,Arts
S0819,87.7,73.1,91.3,87.6,81.3,48.5,69.8,23.7,2,0,0,Dentist,Healthcare
S0820,82.8,57.3,64.6,44.9,79.3,58.8,55.8,39.9,3,1,1,Marketing,Business
S0821,74.1,52.3,55.8,49.8,78.5,60.4,63.5,13.6,10,1,0,Analyst,Business
S0822,64.6,64.5,66.8,55.4,91.0,85.5,86.7,12.6,6,1,1,Legal Advisor,Law
S0823,55.5,52.7,94.9,62.1,97.7,87.5,69.2,8.1,6,1,1,Attorney,Law
S0824,87.2,83.1,82.1,87.1,58.1,100.0,52.6,25.5,2,0,0,Researcher,Science
S0825,91.9,57.0,100.0,78.0,53.3,88.2,77.4,6.1,4,1,1,Manager,Business
S0826,72.6,55.5,90.3,76.8,86.2,81.5,94.3,14.9,4,1,0,Teacher,Education
S0827,88.0,18.8,23.6,83.4,78.0,88.8,70.7,36.7,4,1,1,Consultant,Business
S0828,82.7,66.7,41.5,89.2,81.1,85.5,78.0,9.1,5,1,1,Manager,Business
S0829,79.3,57.6,59.8,68.1,95.4,100.0,80.9,10.1,4,1,0,Judge,Law
S0830,61.1,10.3,61.5,66.4,84.9,100.0,92.9,9.3,4,1,1,Lawyer,Law
S0831,80.0,43.1,46.9,39.0,67.7,56.4,61.6,21.9,4,1,1,Manager,Business
S0832,55.2,62.0,98.7,78.6,78.0,81.8,80.0,26.0,5,0,1,Artist,Arts
S0833,84.2,70.4,86.7,28.6,95.5,79.5,84.9,16.9,9,0,0,Legal Advisor,Law
S0834,80.9,87.9,72.6,83.9,92.4,86.7,66.3,24.9,6,0,1,Chemist,Science
S0835,80.1,82.7,68.3,69.8,91.1,100.0,71.8,12.8,6,1,0,Educator,Education
S0836,48.3,73.8,84.5,61.4,92.8,79.5,76.3,16.7,2,0,0,Judge,Law
S0837,80.0,71.0,88.8,53.1,58.5,100.0,69.1,18.8,1,1,1,DevOps,IT/Data
S0838,41.1,34.2,73.6,66.0,91.6,97.5,92.0,37.2,3,1,1,Lawyer,Law
S0839,100.0,49.6,44.6,54.5,85.0,82.0,93.1,27.1,10,1,1,Designer,Arts
S0840,81.7,91.7,100.0,51.5,56.7,64.5,53.6,23.2,1,0,0,Mechanical Engineer,Engineering
S0841,97.0,75.4,95.3,82.2,69.1,100.0,62.9,24.3,3,0,0,Pharmacist,Healthcare
S0842,95.4,34.2,68.6,37.8,94.5,92.6,82.1,12.2,4,1,0,Judge,Law
S0843,80.7,83.9,58.2,85.5,76.1,78.1,64.9,15.5,7,1,1,Teacher,Education
S0844,86.2,85.1,65.9,84.4,64.5,42.0,94.2,21.9,4,0,0,Chemical Engineer,Engineering
S0845,80.9,63.4,31.6,68.4,69.6,36.2,68.5,33.2,2,1,0,Data Scientist,IT/Data
S0846,91.6,91.2,75.9,80.9,73.7,36.6,62.0,20.1,2,0,0,Civil Engineer,Engineering
S0847,56.6,64.3,80.7,48.9,84.0,100.0,79.7,19.8,2,1,0,Teacher,Education
S0848,81.8,64.7,78.6,87.2,80.3,80.7,55.3,0.0,8,1,1,Manager,Business
S0849,61.2,63.9,54.6,77.1,69.4,81.4,88.4,17.9,4,1,1,Entrepreneur,Business
S0850,58.1,29.3,53.5,73.6,90.3,72.1,92.5,4.0,6,1,0,Legal Advisor,Law
S0851,62.2,87.9,88.2,62.5,52.7,71.2,67.6,27.6,2,1,0,Software Engineer,Engineering
S0852,93.5,66.7,88.2,40.4,55.8,70.3,63.0,25.2,2,1,0,Electrical Engineer,Engineering
S0853,73.8,55.3,87.9,100.0,79.1,66.0,89.1,36.1,2,1,0,Pharmacist,Healthcare
S0854,48.3,56.9,33.3,58.3,72.2,63.5,100.0,10.7,5,1,1,Artist,Arts
S0855,89.7,71.7,42.2,57.3,69.6,43.9,92.8,33.8,4,1,0,Cybersecurity,IT/Data
S0856,77.8,83.0,74.4,65.1,90.2,95.8,39.0,27.6,1,0,1,Mechanical Engineer,Engineering
S0857,79.7,85.3,91.6,87.7,54.9,68.6,95.9,31.1,4,0,1,Researcher,Science
S0858,81.6,62.1,81.6,84.0,88.5,65.4,45.1,29.7,2,0,0,Doctor,Healthcare
S0859,94.1,49.1,52.7,90.3,82.6,65.8,82.0,33.1,3,0,0,Data Scientist,IT/Data
S0860,69.8,64.8,87.4,73.8,80.8,77.1,77.9,31.6,7,1,0,Photographer,Arts
S0861,62.1,44.1,76.4,78.4,83.2,68.1,85.7,5.8,6,1,0,Photographer,Arts
S0862,56.7,78.3,78.8,88.9,73.7,82.6,69.6,29.6,4,0,0,Dentist,Healthcare
S0863,78.0,55.6,44.9,59.7,72.3,84.8,65.1,33.3,5,1,0,Entrepreneur,Business
S0864,61.6,59.0,78.1,82.2,74.1,66.0,62.2,25.5,3,1,0,Dentist,Healthcare
S0865,95.7,91.5,85.0,35.1,69.5,59.9,77.3,1.5,2,1,0,Marketing,Business
S0866,95.3,92.5,61.6,92.7,65.0,53.1,60.4,22.3,0,1,1,Software Engineer,Engineering
S0867,74.0,51.0,46.3,61.2,85.9,85.6,100.0,7.9,4,1,0,Marketing,Business
S0868,69.0,71.3,79.0,72.0,100.0,62.2,63.1,34.2,2,1,1,Data Scientist,IT/Data
S0869,88.9,100.0,95.0,54.9,100.0,78.8,75.6,24.2,2,1,1,Chemical Engineer,Engineering
S0870,86.9,48.7,35.3,70.4,73.7,90.8,81.8,30.4,6,0,1,Consultant,Business
S0871,73.3,70.3,95.4,98.0,66.0,76.8,59.2,25.0,1,1,1,Nurse,Healthcare
S0872,66.5,80.6,73.1,88.7,83.1,48.7,88.0,17.6,4,1,0,Researcher,Science
S0873,51.2,77.8,93.8,30.0,91.0,84.1,87.9,0.7,5,1,1,Artist,Arts
S0874,82.4,91.1,66.8,62.0,97.8,61.9,77.4,26.0,5,0,0,Electrical Engineer,Engineering
S0875,57.2,71.2,48.0,78.9,81.6,100.0,87.1,24.3,7,1,0,Trainer,Education
S0876,83.4,84.9,84.9,100.0,96.7,71.0,59.1,21.6,4,1,0,Civil Engineer,Engineering
S0877,73.5,55.2,85.1,87.9,77.7,78.1,74.7,28.5,4,1,0,Doctor,Healthcare
S0878,48.2,52.2,87.1,58.7,100.0,90.9,64.0,12.3,3,1,1,Writer,Arts
S0879,71.4,80.7,90.9,82.9,95.0,79.7,64.2,20.5,1,1,1,Laboratory Technician,Science
S0880,48.1,47.7,80.2,57.9,82.3,80.9,88.0,21.5,7,1,0,Photographer,Arts
S0881,73.3,81.9,100.0,73.6,46.1,73.1,76.6,21.2,3,1,0,Laboratory Technician,Science
S0882,81.6,85.7,92.6,52.0,55.6,67.7,66.5,30.9,4,1,0,Chemical Engineer,Engineering
S0883,51.2,72.0,25.0,91.5,100.0,74.3,99.0,5.9,2,1,0,Artist,Arts
S0884,96.6,99.8,35.7,40.5,61.5,62.1,66.8,25.9,3,1,0,DevOps,IT/Data
S0885,79.6,83.0,76.1,71.3,89.9,91.3,99.6,31.7,8,1,0,Consultant,Business
S0886,97.6,96.1,95.0,51.1,64.6,59.9,57.1,39.9,6,0,0,Electrical Engineer,Engineering
S0887,83.1,61.7,67.6,66.6,67.9,89.1,72.5,30.9,0,0,0,IT Support,IT/Data
S0888,64.4,37.8,71.1,59.0,78.6,97.6,58.0,38.6,5,1,1,Musician,Arts
S0889,80.4,95.6,90.5,85.0,46.7,56.7,76.1,24.2,1,0,1,Laboratory Technician,Science
S0890,86.1,62.4,48.6,69.1,92.4,83.5,76.0,2.9,4,1,0,Professor,Education
S0891,98.7,68.1,33.5,73.0,93.1,54.2,65.5,22.6,5,1,1,Consultant,Business
S0892,89.5,84.8,62.8,90.8,79.0,40.1,68.2,20.0,3,1,1,Physicist,Science
S0893,7.5,54.6,82.0,67.3,98.7,76.6,75.5,32.8,7,1,1,Artist,Arts
S0894,91.4,59.7,47.3,80.2,77.2,76.6,74.0,23.4,3,0,1,Entrepreneur,Business
S0895,81.9,72.3,56.8,75.0,85.9,63.7,79.3,24.8,3,0,1,DevOps,IT/Data
S0896,43.2,60.5,65.8,52.7,91.3,92.1,90.6,21.0,5,1,1,Paralegal,Law
S0897,79.2,81.1,64.3,79.4,80.9,63.8,61.2,23.7,5,1,0,Marketing,Business
S0898,70.4,80.6,89.8,86.2,100.0,88.4,92.3,29.0,2,1,0,Laboratory Technician,Science
S0899,87.6,68.4,73.1,96.6,75.6,100.0,48.8,24.8,2,1,1,DevOps,IT/Data
S0900,79.9,100.0,78.4,92.3,88.5,100.0,100.0,24.4,6,1,1,Professor,Education
S0901,67.6,84.2,85.7,45.7,68.9,46.7,88.5,23.4,7,1,1,Software Engineer,Engineering
S0902,70.3,52.3,37.1,61.8,67.7,83.4,76.5,6.4,6,1,1,Analyst,Business
S0903,84.3,55.1,58.2,68.2,96.8,68.0,86.6,6.8,5,1,0,Trainer,Education
S0904,75.4,53.1,70.6,77.9,100.0,86.4,95.4,22.8,5,1,1,Lawyer,Law
S0905,87.2,80.7,95.4,64.3,75.9,87.8,77.3,38.3,5,1,1,Biologist,Science
S0906,59.8,82.4,65.6,58.2,88.2,82.4,71.4,20.8,7,1,0,Writer,Arts
S0907,56.8,49.6,67.8,53.3,76.3,85.7,100.0,26.8,8,1,0,Teacher,Education
S0908,84.7,76.5,47.6,65.0,93.5,87.1,88.0,11.7,8,1,1,Teacher,Education
S0909,67.7,81.2,95.9,82.3,63.5,69.4,79.0,25.7,3,1,0,Nurse,Healthcare
S0910,82.9,85.8,70.0,96.9,85.9,56.1,69.0,24.6,3,0,0,Dentist,Healthcare
S0911,86.8,65.6,64.0,74.8,86.0,100.0,85.9,29.2,9,1,1,Attorney,Law
S0912,75.7,65.6,53.5,65.3,93.4,76.4,79.6,5.5,3,1,0,Entrepreneur,Business
S0913,54.7,64.8,62.1,70.4,81.9,86.8,65.6,20.3,3,1,0,Musician,Arts
S0914,92.5,91.0,48.5,35.0,74.4,61.4,55.2,31.6,2,1,0,Cybersecurity,IT/Data
S0915,77.5,83.2,85.1,40.4,74.0,91.8,61.7,16.3,7,1,1,Electrical Engineer,Engineering
S0916,96.9,66.1,74.5,85.5,90.0,29.3,97.2,36.3,3,1,0,DevOps,IT/Data
S0917,72.4,44.4,87.2,98.1,78.2,61.5,76.2,32.5,1,1,1,Doctor,Healthcare
S0918,84.1,68.0,80.8,82.0,59.9,84.9,69.4,22.5,1,1,0,Doctor,Healthcare
S0919,93.1,73.8,74.7,54.8,89.4,68.5,73.2,25.8,5,1,0,DevOps,IT/Data
S0920,100.0,59.5,35.4,100.0,87.7,81.7,75.0,27.3,4,1,1,Legal Advisor,Law
S0921,59.6,81.2,31.6,44.9,81.9,86.4,71.4,11.7,6,1,0,Writer,Arts
S0922,90.9,76.8,47.9,52.3,93.7,100.0,33.5,33.3,0,0,0,Cybersecurity,IT/Data
S0923,68.3,83.5,82.6,98.3,100.0,73.2,54.9,38.5,4,0,0,Therapist,Healthcare
S0924,88.5,86.9,59.0,91.0,27.7,81.7,84.8,21.5,2,0,1,Mechanical Engineer,Engineering
S0925,100.0,90.2,90.6,80.7,79.7,57.8,84.3,30.8,1,1,0,Doctor,Healthcare
S0926,70.3,49.9,60.7,49.7,92.9,92.4,92.0,23.1,5,1,0,Paralegal,Law
S0927,67.6,62.3,40.9,88.7,86.6,97.7,69.4,0.0,6,1,1,Artist,Arts
S0928,84.1,88.6,82.2,37.1,68.2,93.3,68.0,42.8,2,0,0,Electrical Engineer,Engineering
S0929,73.5,100.0,82.5,81.4,70.0,64.0,87.2,8.7,2,0,0,Physicist,Science
S0930,79.0,58.3,51.6,92.7,93.7,66.1,78.0,30.5,5,1,0,Counselor,Education
S0931,83.2,58.0,53.1,51.3,81.4,95.2,99.6,11.7,3,0,0,Legal Advisor,Law
S0932,65.6,71.8,66.8,49.4,92.3,65.4,51.3,35.3,8,0,1,Entrepreneur,Business
S0933,84.6,54.6,58.3,54.6,58.5,86.6,44.0,23.9,1,1,0,DevOps,IT/Data
S0934,100.0,82.5,34.9,39.7,72.8,41.4,11.6,35.8,4,0,0,Web Developer,IT/Data
S0935,48.4,90.2,70.7,67.7,89.3,92.3,98.4,21.8,8,1,1,Professor,Education
S0936,75.8,57.7,76.6,82.2,100.0,72.0,77.4,22.7,2,1,0,Nurse,Healthcare
S0937,88.0,93.9,79.1,98.1,60.5,93.3,81.6,10.7,4,0,0,Biologist,Science
S0938,87.6,76.9,42.9,62.2,86.5,82.9,55.1,9.9,6,1,1,Legal Advisor,Law
S0939,74.1,48.5,14.4,54.6,86.6,98.3,75.4,19.0,9,1,0,Entrepreneur,Business
S0940,54.1,65.8,71.9,71.6,93.0,93.5,63.1,17.3,4,1,1,Legal Advisor,Law
S0941,87.4,91.4,43.9,78.3,88.5,99.8,66.8,0.0,6,1,1,Manager,Business
S0942,89.2,100.0,62.4,67.8,85.5,66.4,70.2,13.8,1,1,0,Consultant,Business
S0943,71.2,36.7,92.6,94.6,78.1,47.1,90.1,26.0,3,1,1,Doctor,Healthcare
S0944,72.7,89.6,61.3,70.4,69.7,81.3,87.0,27.2,4,1,0,Entrepreneur,Business
S0945,75.7,82.4,91.3,69.3,86.1,73.1,63.6,24.7,2,0,0,Pharmacist,Healthcare
S0946,67.6,51.1,7.5,56.1,73.2,100.0,78.9,26.9,4,1,1,Photographer,Arts
S0947,25.1,77.5,66.1,90.5,92.2,100.0,75.6,16.3,6,0,0,Lawyer,Law
S0948,70.8,88.5,78.7,79.0,44.0,84.8,84.9,36.3,5,1,0,Laboratory Technician,Science
S0949,91.5,50.7,97.8,85.8,100.0,90.6,80.1,24.8,5,1,1,Paralegal,Law
S0950,87.0,37.9,38.4,36.8,95.7,62.4,76.4,16.3,9,1,1,Marketing,Business
S0951,81.3,89.3,90.8,75.5,73.5,49.4,74.7,17.9,1,0,0,Researcher,Science
S0952,50.3,75.2,56.8,67.6,81.6,94.1,100.0,22.5,5,1,1,Analyst,Business
S0953,41.0,60.6,56.0,50.6,87.8,76.2,79.0,23.5,10,1,0,Writer,Arts
S0954,67.5,75.4,49.5,84.6,71.7,80.3,73.3,20.1,3,1,0,Manager,Business
S0955,75.2,98.6,76.4,98.3,94.4,32.9,76.4,21.8,6,1,1,Chemist,Science
S0956,100.0,48.3,22.0,27.2,99.9,89.6,86.8,2.1,4,1,0,Attorney,Law
S0957,79.7,63.2,89.7,69.9,81.2,42.0,11.8,20.8,4,1,0,IT Support,IT/Data
S0958,87.1,58.7,75.1,71.0,98.3,60.9,73.3,22.9,10,1,0,Artist,Arts
S0959,77.3,73.6,86.1,91.1,63.7,68.2,53.6,30.3,2,0,0,Therapist,Healthcare
S0960,71.5,55.2,60.0,86.6,62.5,66.7,82.9,23.0,2,1,1,Manager,Business
S0961,79.6,44.3,54.6,100.0,67.9,80.6,100.0,17.3,5,0,1,Marketing,Business
S0962,62.5,57.3,55.6,48.5,86.7,98.2,66.7,36.2,4,0,1,Legal Advisor,Law
S0963,91.0,34.1,52.6,54.3,92.2,69.2,88.1,25.4,5,1,1,Consultant,Business
S0964,63.5,100.0,79.0,84.3,50.2,80.1,82.9,22.6,4,1,0,Chemist,Science
S0965,57.7,66.9,76.7,95.9,85.0,64.6,82.4,21.0,0,1,0,Pharmacist,Healthcare
S0966,73.0,43.9,72.9,44.9,75.3,79.9,64.0,26.5,4,0,0,Artist,Arts
S0967,96.0,85.2,92.2,90.4,67.1,38.1,55.1,14.3,5,1,0,Chemist,Science
S0968,90.5,15.5,46.2,56.5,90.6,86.1,59.5,23.9,5,1,0,Lawyer,Law
S0969,57.9,53.4,60.5,88.8,69.2,83.1,54.5,23.6,8,0,1,Consultant,Business
S0970,95.4,82.1,70.5,71.4,82.4,74.2,90.0,15.6,5,0,0,Designer,Arts
S0971,88.1,66.6,77.6,93.9,52.1,48.1,67.1,26.4,3,1,0,Researcher,Science
S0972,88.8,81.2,88.2,88.4,90.5,78.6,87.3,21.5,12,1,0,Teacher,Education
S0973,72.4,61.2,93.6,68.7,67.2,82.4,44.7,23.2,0,1,0,DevOps,IT/Data
S0974,76.8,77.7,44.1,68.3,92.6,54.4,43.9,24.0,3,1,1,IT Support,IT/Data
S0975,94.4,61.8,84.9,76.3,94.4,95.2,85.3,30.9,8,1,1,Artist,Arts
S0976,60.1,80.1,71.3,90.9,85.4,92.4,81.5,9.3,12,1,1,Counselor,Education
S0977,100.0,51.3,73.8,54.2,94.4,89.0,82.5,13.8,8,1,1,Paralegal,Law
S0978,84.8,66.5,57.6,52.3,75.2,68.4,79.8,30.3,7,0,1,Web Developer,IT/Data
S0979,47.1,65.6,84.9,73.4,87.9,67.6,90.2,25.9,3,1,1,Pharmacist,Healthcare
S0980,86.4,72.9,100.0,44.0,65.0,51.1,47.1,22.8,1,0,0,Software Engineer,Engineering
S0981,73.0,57.0,86.8,91.4,80.9,73.1,47.9,37.8,1,1,0,Nurse,Healthcare
S0982,41.2,67.0,86.1,67.1,94.0,59.3,76.9,28.6,1,1,0,Nurse,Healthcare
S0983,99.3,72.2,94.5,43.6,88.7,82.0,65.2,32.3,2,1,0,Chemical Engineer,Engineering
S0984,83.1,86.6,91.5,92.8,86.2,85.9,76.8,29.8,1,0,0,Therapist,Healthcare
S0985,91.4,100.0,97.2,64.9,80.0,81.9,70.1,24.8,3,1,0,Civil Engineer,Engineering
S0986,45.5,39.6,90.4,100.0,92.5,91.4,69.3,41.4,8,1,0,Designer,Arts
S0987,76.2,60.6,76.1,97.6,71.5,72.1,76.4,26.5,4,1,0,Dentist,Healthcare
S0988,82.6,85.6,74.7,39.4,59.2,82.8,70.6,20.5,2,0,0,Data Scientist,IT/Data
S0989,82.1,75.4,67.3,75.1,54.8,68.2,58.0,21.1,1,1,1,Chemical Engineer,Engineering
S0990,43.1,58.3,88.7,100.0,77.8,71.4,70.3,22.2,1,0,1,Therapist,Healthcare
S0991,71.6,53.0,95.0,92.6,91.5,88.2,65.8,24.3,0,1,1,Nurse,Healthcare
S0992,83.1,72.3,82.5,92.6,53.8,68.1,70.5,7.8,2,0,0,Chemical Engineer,Engineering
S0993,80.5,76.9,74.7,88.5,70.9,100.0,65.1,39.1,3,0,1,Mechanical Engineer,Engineering
S0994,73.4,91.9,92.7,78.5,59.4,81.6,62.1,16.3,2,1,1,Researcher,Science
S0995,40.5,16.0,67.1,63.0,77.9,89.8,90.6,0.0,12,1,0,Writer,Arts
S0996,70.2,36.6,46.2,59.9,86.3,86.0,83.4,24.0,10,1,0,Paralegal,Law
S0997,62.4,89.7,80.2,98.7,58.8,75.3,49.9,24.1,4,1,0,Electrical Engineer,Engineering
S0998,75.9,89.0,80.6,94.8,66.8,100.0,73.8,25.9,4,1,0,Researcher,Science
S0999,74.5,94.7,50.8,58.5,91.8,27.7,91.9,23.0,3,1,0,IT Support,IT/Data
S1000,82.0,62.4,93.3,81.5,86.1,86.5,83.1,20.4,10,1,1,Counselor,Education
